,date,username,tweet
0,2023-02-21 23:20:20,fajaronline,"Momen Pertemuan Anies dengan Sandiaga Uno di Milad ke-42 BKMT, Pertama Kali Usai Isu Utang di Pilgub DKI Terbongkar  https://t.co/XulnBiCpl7 #AniesBaswedan #bkmt #SandiagaUno #UtangRp50M"
1,2023-02-21 23:17:11,Kutang2tang,@edo_rosyada @Mdy_Asmara1701 Yg sama sandiagauno mana itu sgt terasa disturbing banger...  Wahahaha
2,2023-02-21 13:16:52,kompascom,"Dalam kaitannya dengan potensi resesi dunia 2023, Menparekraf Sandiaga Uno mengatakan, Indonesia masih dalam posisi yang kuat dan baik.  Namun, Sandiaga mewanti-wanti untuk tetap waspada adanya potensi pasar ekspor yang bakal melemah. &lt; #Money #SandiagaUno  https://t.co/Lcb6gP6qHI"
3,2023-02-21 13:10:05,jpnncom,"Soal Isu Berlabuh ke PPP-Capres, Sandiaga Uno Beri Jawaban Menohok #sandiagauno  https://t.co/DR0YE4t8Nh"
4,2023-02-21 12:06:03,GuysSandi,Penjualan meningkat berkat Endorse Mas Menteri 👏  #sandiagauno #sandiuno #kemenaprekraf #ekonomi #kreatif  #Indonesia #Twitter #viral #Trending #zonauang  #HUTBCA66 The Strokes #mentoring #business  #markets YOUR TYPE GAME Done All Rules  https://t.co/C47T1Mog8V
5,2023-02-21 07:08:56,monitorindo,"Upaya Penyelamatan Industri Hotel Indonesia, Sandiaga Dorong Regulasi Hari Libur Nasional Berbasis Harpitnas    https://t.co/GGvTW6Myof #Menparekraf #SandiagaUno #IndustriHotel #Covid19 #PHRI #HIPMI #ASITA #IKMA"
6,2023-02-21 06:03:47,sobat_sandi,Pisang Goreng ❎ Hihang Hoheng ✅  #sandiagauno #sandiuno #kemenaprekraf #ekonomi #kreatif  #Indonesia #Twitter #viral #Trending #zonauang Pagii Selasa Senin Don't Lie THEY NEED TO APOLOGIZE #HUTBCA66 #Food #kuliner #culinary #dessert  https://t.co/se7jklcTRH
7,2023-02-21 05:05:07,ceklissatucom,Sandiaga Ungkap Penyebab Harga Tiket Pesawat Masih Tinggi #SandiagaUno #TiketPesawat  https://t.co/Tn8EioHIto
8,2023-02-21 03:49:14,KafegamaMM_JT,Tulis bagaimana pendapat Sobat yuk😊👇  #Kafegama #kafegamammugm #kafegamajateng #sandiagauno #sandiagasalahuddinuno #pertumbuhanekonomi  https://t.co/BKWwFpX4mO
9,2023-02-21 03:07:12,Economicreview_,"Diselenggarakan 7 Kota Besar, Sandiaga Dukung Festival Sinema Australia  https://t.co/LW9cXnrWun #sandiagauno"
10,2023-02-21 02:58:46,GuysSandi,Dimentoring Mas Menteri langsung 👌✅  #sandiagauno #sandiuno #kemenaprekraf #ekonomi #kreatif  #Indonesia #Twitter #viral #Trending #zonauang Pagii Selasa Senin Don't Lie THEY NEED TO APOLOGIZE #HUTBCA66 The Strokes #mentoring #business #zonauangᅠ  https://t.co/5BLpo8NXPx
11,2023-02-21 02:54:37,sobat_sandi,Dikacangin ❎ Makan Kacang ✅  #sandiagauno #sandiuno #kemenaprekraf #ekonomi #kreatif  #Indonesia #Twitter #viral #Trending #zonauang Pagii Selasa Senin Don't Lie THEY NEED TO APOLOGIZE #HUTBCA66  https://t.co/JfFJntmbMH
12,2023-02-21 01:53:56,faktualid_com,"Selamatkan Industri Perhotelan, Sandiaga Uno akan Dorong Harpitnas Direalisasikan #sandiagauno #hotels  https://t.co/flo2LeRZwo"
13,2023-02-20 15:48:09,jpnncom,Aksi Jaringan Sandi Uno Ciptakan Lapangan Kerja Baru di Cirebon #SandiagaUno  https://t.co/n55zMEcMQm
14,2023-02-20 14:14:00,GercepSandiUno,Danau Toba harum kembali di kancah Internasional 👏  #sandiuno #sandiagauno #kemenparekraf #ekonomi #kreatif #pariwisata #FYP #twitter #TrendingNow #trending #viralindo #viral #video #Content #tourism #vacation #StockMarket Senin Di Hati Rakyat  https://t.co/IUJ0blpInY
15,2023-02-20 05:02:50,ketikmedia,"Sandiaga Uno Buka Rakernas PB PRSI, Bersiap Jadwal Padat 2023  Sumber:  https://t.co/rK3U5xhcxg | Media Kolaborasi Indonesia.  https://t.co/5S65xp2N07  #prsi #sandiaga #sandiagauno #rakernas #menteripariwisata #renang #olahraga #olahragarenang #renangindonesia #beritaterkini  https://t.co/HoxhAZzrv6"
16,2023-02-20 02:25:08,Agamsyah1998,Koalisi perubahan tukang ngutang PKS larikan 30 miliar duit fahri hamzah. #sandiagAuno #AniesBaswedan  https://t.co/tN3MNmFZEd
17,2023-02-20 00:17:05,Bytrendzid,Partai Gerindra selesai menggelar pesta rakyat di rumah aspirasi Desmond J Mahesa. Sandiaga Uno menegaskan bahwa agenda itu sangat berdampak pada aspek UMKM.#bytrendz #partaigerindra #sandiuno #sandiagauno #umkm #BreakingNews    https://t.co/C9qhtu5Ruk
18,2023-02-19 10:35:31,emakemaksandi,Tips usaha bertahan di tengah Ekonomi Sulit dari Mas Menteri 👌💪  #sandiagauno #sandiuno #kemenparekraf #Ekonomi #kreatif #Twitter #FYP #picture #PictureOfTheDay #quoteoftheday #Tips #economy #struggling  https://t.co/4lbTl7JCho
19,2023-02-19 10:34:15,GuysSandi,"Tetap konsisten,humble dan santun - @sandiuno   #sandiagauno #sandiuno #kemenparekraf #Ekonomi #kreatif #Twitter #FYP #quotes #quoteoftheday #picture #picoftheday  https://t.co/pRe0rsS5pV"
20,2023-02-19 10:11:35,Agamsyah1998,Tidak berkomitmen. #sandiaga #sandiuno #sandiagauno #pilpres2024  https://t.co/GBLbOykKln
21,2023-02-19 06:33:57,BobyTrihandoyo,Kesetiaan adalah yang utama brooo... makanya jangan mencla mencle ..  #SandiagaUno #WonderfullIndonesia #BangkitBersamaKemenparekraf #DiIndonesiaAja #Gerindra #Cawapres  https://t.co/tZjliTNy2X
22,2023-02-19 06:07:18,Economicreview_,Sandiaga Uno Klaim Wisatawan Asing Ke Indonesia Naik 150 Persen  https://t.co/zJxwH4Wg8e #sandiagauno
23,2023-02-19 05:54:45,Cahyokt4,Pusiiiing kaaan...  Makanyaaa setiaaa...  hahahaha  #KritikSandi #Ruangsandi #SandiagaUno #WonderfullIndonesia #BangkitBersamaKemenparekraf #DiIndonesiaAja  https://t.co/KJlRp3GuY3
24,2023-02-19 05:27:56,GuysSandi,Prabowo izinkan Sandi pindah ke PPP? ..  #sandiagauno #sandiuno #kemenparekraf #Ekonomi #kreatif #Twitter #FYP #Video Prabowo Subianto #viral #success #politik #indonesia  Tulus Utamakan Rakyat Minggu Hapsun #podcast  https://t.co/KW78WH4uSh
25,2023-02-19 05:21:57,emakemaksandi,Kita perlu penyesuaian dan pahami perilaku uniknya...  #sandiagauno #sandiuno #kemenparekraf #Ekonomi #kreatif #Twitter #FYP #Video #viral #success  #indonesia #zoo #animal #animals Tulus Utamakan Rakyat Minggu Hapsun  https://t.co/FLcfn1pECZ
26,2023-02-19 04:52:00,AsepSeptiyana_,"waddduuhh parah nih guys, seperti kacang lupa pada kulitnya ya 😌😌😌 #sandiaga #sandiagauno #kemenparekraf #wonderfulindonesia #IndonesiaJuara #IndonesiaMaju  https://t.co/IlnNUEo13K"
27,2023-02-19 04:45:14,AdeFauzyAhmad,Pusing Bro Pusing....!!! #sandiagauno #pusing #Pilpres2024 #sandi  https://t.co/ztuSYHYBOm
28,2023-02-19 04:33:58,rahmadhdyt709,bagaikan kacang lupa kulitnya!! sandiaga uno dikabarkan bakal pindah dari gerindra ke partai ppp. #sandiagauno #sandiagapenghianat #gerindra #ppp #sandiagangebetjadicapres #politikus #bapakidentitaspolitik  https://t.co/uSlrCOV2OQ
29,2023-02-19 01:18:11,lingga_susilo,"Waduhhhh pakkk, lebih baik ga usah ngapain² pak. #Sandiagauno #Sandigagal #sandiacting #Hollywood #acting #Pilpres2024 #CariSuara  https://t.co/feQFsVwFfd"
30,2023-02-19 00:19:41,andrikingo77,"Waduh kok bisa-bisanya yaa Sandiaga pindah partai gitu aja, kaya gaada ingetnya jasa partai yang sebelumnya.. #kacanglupakulit #sandiagauno #sandiwara #ppp #gerindra #pindahpartai #sandiwaraterus #prabowo  #rumahdp0 #jakarta  https://t.co/ntpHupDLzv"
31,2023-02-18 15:14:10,ElizarIrnold,"@YudiSet16452924 Gw sbg mak2 jg ga rela duit gw ikut buat nyumbang dulu total 6jt , cm untuk dpt pemimpin pengecut @prabowo  dan @SandiagaUno"
32,2023-02-18 10:13:07,sobat_sandi,"Bangga, Produk lokal tampil di acara MotoGP 👏  #sandiagauno #sandiuno #kemenaprekraf #ekonomi #kreatif #saturdaynight #MotoGP #motorsports #sports #Indonesia #Twitter #viral #Trending  https://t.co/ZmihvH3z4w"
33,2023-02-18 06:47:10,tribunnews,"""Tadi banyak guyon ya, sama Pak Prabowo juga ada, bahwa Pak Mardiono tadi menyampaikan, 'pinjam dulu (Sandi-nya)',"" ujar Sandi saat ditemui di ICE BSD, Tangerang, Jumat (17/2/2023). (ist) #SandiagaUno #PrabowoSubianto   https://t.co/PE90DGS40E via @tribunnews"
34,2023-02-18 06:00:32,warna_nusa,"Banyak Turis India Nikah di Bali, Sandiaga Uno: Pesona Bali Begitu Luar Biasa, seperti Magnet yang...  #SandiagaUno #Bali   https://t.co/u5ctiFBgWa"
35,2023-02-18 01:28:28,fajaronline,"Bawaslu Sebut Dana Rp50 Miliar Anies Masuk Pelanggaran Pidana, Tapi Tak Bisa Diusut  https://t.co/9CFBOiRWMB #AniesBaswedan #Bawaslu #PilkadaDkiJakarta #SandiagaUno"
36,2023-02-17 15:19:16,BYuliazman,"Mau minjam KUR harus ada jaminan BPKB motor atw mobil, jadi situ/SIUP buat apa? Usaha jelas, rumah milik sendiri, dll Kenapa dipersulit ya... #umkm #ukm #sandiagauno  https://t.co/bQrSe31bhj"
37,2023-02-17 13:58:32,GercepSandiUno,Mas Menteri @sandiuno menyampaikan : Utamakan Kesejahteraan Rakyat.  @sandiuno   #sandiuno #sandiagauno #kemenparekraf #ekonomi #kreatif #pariwisata #FYP #twitter #TrendingNow #trending #viralindo #viral #video #Content #tourism  https://t.co/a4aQ7J8efY
38,2023-02-17 11:46:20,sobat_sandi,Mas Menteri kena Roasting lagi? 🧐  #sandiagauno #sandiuno #kemenparekraf #Ekonomi #kreatif #Twitter #FYP #Video #viral Jumat #friday #success #roasting #talkshow #trending #BreakingNews #today  https://t.co/NT32aESfKX
39,2023-02-17 11:39:39,GuysSandi,Tips Investasi ala Mas Menteri @sandiuno 👌  #sandiagauno #sandiuno #kemenparekraf #Ekonomi #kreatif #Twitter #FYP #Video #viral Jumat #friday #success  #indonesia #podcast #invest #business #economics #Entrepreneur  https://t.co/ZbGKM1sArS
40,2023-02-17 11:28:53,emakemaksandi,"Masuk politik pilihan tersulit, tapi dilakukan Mas Menteri untuk membahagiakan orang tua dan Keluarga 🥰  #sandiagauno #sandiuno #kemenparekraf #Ekonomi #kreatif #Twitter #FYP #Video #viral Jumat #friday #success  #indonesia #podcast #talkshow #family #Moms #politik #Motivation  https://t.co/GHpMqN48nA"
41,2023-02-17 09:47:51,anadzihni,"#pisanggoreng #nugget #sandiagauno  Pisang Goreng Menjadi Dessert Goreng No.1 Dunia, Kalahkan Churros dan Donat  https://t.co/XriUuXKwnL"
42,2023-02-17 01:13:13,irfanwahidi60,"@YudiSet16452924 @FokusKM50 #SandiagaUno kaya ? Gak juga, yang kaya itu Alloh, buktinya hambanya Alloh saja mampu kasih sumbangan ke Sandi apalagi #AllohuSubhanahuWataala"
43,2023-02-16 15:36:39,vanny_narita,Yeaaaaa! The 1st NFT powered by on-chain AI chatbot!  Congrats @dethrune @unzypsoft @rinacoltd. . . #nft #ai #chat #chatbot  #indonesia #japan #creative #sandiagauno #kemenparekraf #space #spacestationsix #spacestation #sciencetechnologyengineeringARTmath  https://t.co/cUKIMz5GKx
44,2023-02-16 11:29:55,SemarSentinel,#SemarSentinel #ManagementConsulting #ArchipelagoMonitor #Newsletter #StrategicForecast #NTT #PulauPasir #AshmoreReef #Pulau #NusaTenggaraTimur #SandiagaUno #TerritorialDispute
45,2023-02-16 07:05:05,mediadetik60,Jaringan Pemred Promedia Resmi Diluncurkan Promedia Teknologi Indonesia Disaksikan 3 Menteri dan Dewan Pers #jaringanpemredpromedia #JPP #ErickThohir #sandiagauno  https://t.co/LnBWOinSQT
46,2023-02-16 03:00:19,PutraAlamsyahJ1,Rekam jejak memang kejam bro...!!!  #sandiagauno #rekamjejak #sandi #Pilpres2024  https://t.co/xJ4Hf3sH8k
47,2023-02-16 02:56:12,AsepSeptiyana_,"haaduuhh gawat nih guys, kok bisa begini sii 🤔🤔🤔 #sandiaga #sandiagauno #kemenparekraf #wonderfulindonesia #IndonesiaJuara #IndonesiaMaju  https://t.co/qTIfplSiv9"
48,2023-02-16 02:48:11,Edymaull,Sandiaga Uno mau DONGKEL prabowo???  #sandiagakebeletnyapres #sandiagauno #sandiagagakbisakerja #sandiwarauno #prabowo #gerindra #Pilpres2024  https://t.co/sQ6S6NCcgU
49,2023-02-16 02:30:02,Agamsyah1998,SAndiaga mau dongkel prabowo?? #sandiagauno  https://t.co/miGIqkuO3E
50,2023-02-16 01:31:30,fajaronline,"Fahri Hamzah Sibuk Urus Utang Rp50 Miliar hingga Desak KPK Turun Tangan, Imam Shamsi Ali: Ada Apa dengan Kepala Bung?  https://t.co/BEU0E2qBaN #AniesBaswedan #FahriHamzah #KPK #SandiagaUno"
51,2023-02-16 01:27:21,Cahyokt4,Waduuuh.. Ga ada abisnya nih... Ber episode episode hahaha  #KritikSandi #Ruangsandi #SandiagaUno #WonderfullIndonesia #BangkitBersamaKemenparekraf #DiIndonesiaAja  https://t.co/1WqSRUsW1g
52,2023-02-16 01:01:20,andrikingo77,Waduh gawat sih kalo Sandiaga mau dongkel Prabowo benerbener kacang lupa kulit banget itumah #sandiagauno #curang #sandiwara #sandiwaraterus #dongkel #prabowo #prabowosubianto #gerindra #politik #politikidentitas #culas  https://t.co/mqaw0ehLnO
53,2023-02-16 00:41:15,ariefalay66,Kok bisa-bisanya yaa Sandiaga Uno mau dongkel Prabowo dia lupa darimana dia berasal bener bener deh yaaa gaabis pikir lagi #sandiwara #sandiagauno #sandiwaraterus #dongkel #prabowo #gerindra #kacanglupakulit #politik  https://t.co/jGudiMs9Re
54,2023-02-15 11:49:00,BNchanneltv,Tarif baru untuk masuk ke kawasan Candi Borobudur di kisaran Rp100.000-Rp150.000 untuk wisatawan nusantara (wisnu). Sementara untuk wisatawan mancanegara (wisman) sebesar Rp500.000.  Streaming 24 jam di website ‘ https://t.co/bl6ZEQPYQh’  #Menparekraf #SandiagaUno #CandiBorobudur
55,2023-02-15 10:10:51,bigsmile_event,Let's make a journey with Big Smile Event!  #bigsmileevent #projectmuda #career #future #generasimuda #potential #careergoals #sandiagauno #pengusaha #politisi
56,2023-02-15 08:00:02,detikcom,"Insiden singa seruduk mobil di Taman Safari Indonesia Prigen, Jawa Timur cukup menyita publik. Bagaimana tanggapan Menparekraf Sandiaga Uno?  #detikcom #tamansafari #kemenparekraf #sandiagauno  https://t.co/1VipC0dDaZ"
57,2023-02-15 08:00:01,detikTravel,"Insiden singa seruduk mobil di Taman Safari Indonesia Prigen, Jawa Timur cukup menyita publik. Bagaimana tanggapan Menparekraf Sandiaga Uno?  #detiktravel #tamansafari #kemenparekraf #sandiagauno  https://t.co/3oQJ4TCUBg"
58,2023-02-15 06:10:26,digoindo,F1 PowerBoat pertama dalam sejarah dunia akan di gelar di Danau Vulkanik terbesar di dunia!!🥳  Siapa yang gak sabar buat nungguin event ini berlangsung?🙋🏻‍♀️🙋🏻  Cek selengkapnya di  https://t.co/q4eiUcOULz  ya guys❤️  #digoid #F1PowerBoat #SandiagaUno #Kemenparekraf #DanauToba  https://t.co/VrIBpBSFax
59,2023-02-15 04:13:18,JemberNetwork,Menparekraf Sandiaga Uno apresiasi pemberitaan media yang berikan pengaruh pada pariwisata Indonesia. #SandiagaUno #wisata #promedia  https://t.co/Qp9qEFolka
60,2023-02-15 01:13:56,sagaranesia,"Sandiaga Uno: Indonesia punya potensi besar  dan harus memiliki ekosistem konten sendiri, Content is King...   #sagaranesia #Menparekraf #SandiagaUno #KontenKreatif #JPP #JaringanPemredPromedia #PromediaTeknologi #Promedia   https://t.co/XzzN2MlK2K"
61,2023-02-14 22:10:50,JemberNetwork,"Menparekraf Sandiaga Uno dorong potensi produksi konten miliki ekosistem mandiri yang kuat, content is king! #SandiagaUno #Promedia #Jurnalis  https://t.co/HxtI9QkW42"
62,2023-02-14 14:48:57,kaltenglima,"Orang Indonesia Jago Bikin Konten, SandiagaUno : Content is King!  https://t.co/olX1dAmtCX"
63,2023-02-14 14:18:18,pinterpolitik,"Sobat PinPol udah follow siapa aja nih kandidat potensial di Pilpres 2024?  Btw, followers Pak Jokowi banyak banget yaaa  #instagram #populer #politisi #ridwankamil #sandiagauno #ahy #prabowosubianto #erickthohir #infografis #pinterpolitik  https://t.co/umvb3uVzr8"
64,2023-02-14 13:15:50,bebasbaru,"Potensinya besar ini #sandiagauno #kontensehat  Sandiaga Uno Sebut Orang Indonesia Jago Bikin Konten, Segera Bikin Ekosistem Mumpung Di Dukung Presiden Jokowi  https://t.co/ARd3f7XSYQ"
65,2023-02-14 13:13:05,kasatyo,"Jaringan Pemred Promedia Hadirkan Pers yang Sehat, Menparekraf: Bagian dari subSektor Ekonomi Kreatif  https://t.co/6DjU0kSIHW #PromediaTeknologiIndonesia #JPP #menparekraf #SandiagaUno #erickThohir"
66,2023-02-14 12:50:29,JemberNetwork,"Sandiaga Uno dan Erick Thohir hadir dalam peresmian Jaringan Pemred Promedia, apresiasi bentuk ekonomi kreatif. #SandiagaUno #ErickThohir #Jurnalis  https://t.co/uEyKtuXKyk"
67,2023-02-14 12:08:15,Newswantara17, https://t.co/CUCnKxpRIU  #beritaViral #beritaterkini #aniesbaswedan #sandiagauno
68,2023-02-14 10:30:39,politikonoha,Aku bisa membuatmu jatuh cinta kepadaku meski kau tak cinta.. #sandiagauno #prabowo #PPP #dewa19 #konserdewa19 #capres2024 #ahmaddhani #arilasso #RisalahHati #pestarakyatdewa19  https://t.co/Aoj4wgpSYr
69,2023-02-14 08:04:22,sagaranesia,"JPP sah diresmikan;  Dihadiri Menteri BUMN dan Menparekraf, Jaringan Pemred Promedia siap memperkuat ekosistem   #sagaranesia #JPP #JaringanPemredPromedia #MenteriBUMN #ErickThohir #Menparekraf #SandiagaUno #JerrySambuaga    https://t.co/qNKz95ECqV"
70,2023-02-14 07:52:12,warna_nusa,"Momen Peresmian JPP Promedia Teknologi Indonesia, Menparekraf Sandiaga Uno Ucapkan Terima Kasih #SandiagaUno  https://t.co/ATl1M7ospn"
71,2023-02-14 07:41:28,cokro_tv,SIAPA DI BALIK ORANG KETIGA YANG BERI UTANG KE ANIES? #CokroTV #GaPakeBaper #AniesBaswedan #SandiagaUno   Full Video Youtube:  https://t.co/fs5Abh9UkD  https://t.co/R2kOsJqw3c
72,2023-02-14 07:28:39,imadeputra2804,Abu janda on fire lagi nih menantang kleannn! #abujanda #Rihanna #prabowo #sandiagauno #gerindra  https://t.co/YCKrYW8PHi
73,2023-02-14 07:04:48,JayaNista,Gerindra Bantah Kabar Prabowo Sudah Beri Izin Sandiaga Gabung PPP #gerindra #partaigerindra #politik #indonesia #prabowo #sandiagauno  https://t.co/LaXFyTUOYh
74,2023-02-14 06:36:04,fajaronline,"Sandiaga Uno ke Sulsel, DPD Gerindra: Kalau Datang Sebagai Politisi Kami Sangat Sayangkan  https://t.co/nIHawpxIEH #GerindraSulsel #PPP #PrabowoSubianto #SandiagaUno"
75,2023-02-14 06:30:00,ThePhraseID,"Acara Peringatan Satu Abad NU di Sidoarjo dihadiri oleh beberapa tokoh politik seperti Ganjar Pranowo, Prabowo Subianto, dan AHY. #ThePhraseID #satuabadnu #nahdlatululama #ganjarpranowo #prabowo #AgusYudhoyono #sandiagauno @nahdlatululama   https://t.co/Dql19ly7nG"
76,2023-02-14 06:24:30,indozonemedia,Menparekraf Sandiaga Uno Komentari Kejadian Singa Tabrak Mobil di Taman Safari Prigen #SandiagaUno #TamanSafari  https://t.co/icynnfqRdp
77,2023-02-14 06:22:32,sobat_sandi,"Mas Menteri @sandiuno mencoba jadi ""Tour Guide"" Di Candi Borobudur 😍👏  #sandiagauno #sandiuno #kemenparekraf #Ekonomi #kreatif #Twitter #FYP #Video #viral2023 #AlwaysWithYou FIRST JOB CURRENT JOB DREAM JOB Selasa Budaya Happy Valentine #ValentinesDay #magelang #borobudur  https://t.co/VpCVzXAvpl"
78,2023-02-14 04:57:54,Mat16_16,Ada 2 org cawapres yg bs menghantar Prabowo Subianto jd Presiden RI 2024.  Bukan Ganjar/Muhaimin/AHY/Erlangga/RidwanK/AndikaP/Anak2nya Jokowi/AniesBaswedan/ErickThohir/SandiagaUno/Khofifah/....  PDIP Gerindra DPR RI Fadli Zon  detikNews CNN Indonesia  https://t.co/zODrJaPaVK
79,2023-02-14 04:38:18,nusabalicom,Sandiaga Tidak Pernah Minta Izin Pindah Partai  https://t.co/YTgIcGpytA Dasco : Dinamika Politik yang Wajar dan Biasa  #sandiagauno #berita #politik  #bali #nusabali
80,2023-02-14 04:25:38,jpnncom,"#BeritaBali  Sandiaga Uno Dorong Generasi Muda Masuk Poltekpar, Bisa Berkarier di Luar Negeri @sandiuno  #sandiagauno  #politeknikpariwisata   https://t.co/sjgQoGwsA3"
81,2023-02-14 04:04:05,fajaronline,"Heboh Utang Rp50 M Anies, Fahri Hamzah Menyindir: Perencanaan Korupsi yang Sangat Kasat Mata  https://t.co/wKC2bijfzW #AniesBaswedan #FahriHamzah #PilkadaDkiJakarta #SandiagaUno"
82,2023-02-14 03:57:18,fajaronline,"Demokrat Ungkit Upaya Sandi Geser Prabowo Saat Pilpres 2019, Eks Waketum Gerindra: Memang Penghianat Dia  https://t.co/FIMZbwYL1M #AriefPoyuono #Pilpres2019 #PrabowoSubianto #SandiagaUno"
83,2023-02-14 03:21:29,jakpost,"Sandiaga Uno has said that he will discuss with Prabowo Subianto the aspirations of the United Development Party (PPP), following Sandiaga as a potential candidate for the 2024 presidential election. #SandiagaUno #Pemilu2024  Read more:  https://t.co/lbkL1YqU7M  https://t.co/xlJxbyp6TD"
84,2023-02-14 02:15:03,jpnncom,"Sandiaga Uno Dorong Generasi Muda Masuk Poltekpar, Bisa Berkarier di Luar Negeri #SandiagaUno  https://t.co/sjgQoGwsA3"
85,2023-02-14 00:34:34,warna_nusa,"PPP Beri 'Tawaran Mewah' ke Sandiaga Uno di Pemilu 2024, Rocky Gerung: Pemikiran Saya, Sandy Pasti....  #sandiagauno #rockygerung  https://t.co/LCZYRHNdNi"
86,2023-02-13 12:59:02,portalmediaid,Gerindra Tegas Bantah soal Prabowo Izinkan Sandiaga Uno Pindah ke PPP  Baca Selengkapnya:  https://t.co/CoTnXGjDL1  #BeritaTerkini #media #Online #news #BreakingNews #gerindra #bantah #prabowo #Sandiagauno #PPP #politik #Indonesia
87,2023-02-13 12:17:28,kabar_dpr,Dasco Pastikan Tidak Dapat Kabar Soal Sandiaga Izin Pindah ke PPP  #KabarDPR #NewsUpdate #Sandiagauno   https://t.co/q5gAxQFAql
88,2023-02-13 10:56:23,indoposco,Dasco Sebut Tidak Pernah Dengar Izin Soal Sandiaga Pindah ke PPP   https://t.co/bRqjK4ukPi  #indoposco #Gerindra #PartaiGerindra #PPP #SandiagaUno #SufmiDascoAhmad
89,2023-02-13 09:15:00,RADARSOLO_,Dasco Sebut Belum Pernah Dengar Sandiaga Minta Izin Pindah ke PPP #ppp #Sandiagauno   https://t.co/CfZ97Tu9E3
90,2023-02-13 08:16:32,Edymaull,"POLITIK IDENTITAS DIMAINKAN, SANDIAGA UNO BAHAYAKAN NEGARA  #sandiagakebeletnyapres #sandiagauno #sandiagagakbisakerja #sandiwarauno #bapakpolitikidentitas #politikidentitas #Pilpres2024  https://t.co/oMka94UKUh"
91,2023-02-13 08:00:05,jpnncom,"Buka Sentral Oleh-oleh Makassar, Sandiaga Uno Hidupkan Kembali UMKM Sulsel #SandiagaUno  https://t.co/wv8HIV9jQr"
92,2023-02-13 07:46:17,fajaronline,"Sentil Sandi Soal Utang Piutangdi Pilgub DKI Jakarta, Eko Kuntadhi: Bayarnya Pakai Proyek?  https://t.co/32kkoLKFDo #AniesBaswedan #EkoKuntadhi #PilgubDkiJakarta #SandiagaUno"
93,2023-02-13 07:43:05,sobat_sandi,Mas Menteri ucapkan terimakasih atas suksesnya acara ATF 🫡👏  #sandiagauno #sandiuno #kemenparekraf #Ekonomi #kreatif #Twitter #FYP #Video #viral2023 #AlwaysWithYou FIRST JOB CURRENT JOB DREAM JOB #mondaythoughts Senin #asean #tourism  https://t.co/Y8IrmYUo3O
94,2023-02-13 06:57:19,erniandiny123,Inikah yang dinamakan surat cinta? #aniesbaswedan #sandiagauno   https://t.co/hsX74SOTA0
95,2023-02-13 05:52:07,warna_nusa,"Lindungi Anies dan Amankan Tempat untuk AHY, Demokrat Bongkar Niat Sandiaga Uno?  #AniesBaswedan #sandiagauno   https://t.co/wz8qFVNkmu"
96,2023-02-13 05:27:59,ketikmedia,Anies Baswedan Klarifikasi Uang 50 Miliar Sandiaga Uno  Sumber:  https://t.co/rK3U5xhcxg | Media Kolaborasi Indonesia.  https://t.co/eO2mT0Ay36  #anies #aniesbaswedan #sandiaga #sandiagauno #kampanye #sumbangan #pinjaman #politik  #beritapolitik #berita #beritaterbaru  https://t.co/9NTjPkE52I
97,2023-02-13 05:16:57,kompastvjateng,Sandiaga Enggan Perpanjang Polemik Utang dengan Anies #viral #trending #sandiagauno #AniesBaswedan   https://t.co/F4s34QZShR
98,2023-02-13 04:11:34,warna_nusa,"Suhu Politik Memanas, Demokrat Buka-bukaan Soal Sandiaga Uno di Pemilu 2019, Benarkah Ingin Tikung Prabowo?  #sandiagauno   https://t.co/JskHolITog"
99,2023-02-13 03:12:27,PutraAlamsyahJ1,Ngeriiiii....!!!! #sandiagauno #sandi #Pilpres2024  https://t.co/YgwFItzkVv
100,2023-02-13 03:08:35,Economicreview_,Sandiaga Uno Klaim Wisatawan Asing Ke Indonesia Naik 150 Persen  https://t.co/zJxwH4Wg8e #sandiagauno
101,2023-02-13 02:31:26,palopoleaks,"Sudah Ditinggal Anies Baswedan, Kini Sandiaga Uno Bakal Nyusul, Prabowo Subianto Ditantang di Pilpres 2024 #Pilpres2024 #prabowo #AniesBaswedan #sandiagauno   https://t.co/lWCJk6L5SD"
102,2023-02-13 00:54:51,Agamsyah1998,"Politik identitas di mainkan, sandiaga bahayakan negara. #sandiaga #sandiagauno #politik #ssndigagal  https://t.co/kl2jO3GpFO"
103,2023-02-13 00:45:27,AsepSeptiyana_,"loh.. loh.. loh.. kok bisa si pak berbuat kaya gini, dduuh ngeri bgt ya 🙃🙃 #sandiagauno #sandi #kemenparekraf #wonderfulindonesia #politikidentitas #IndonesiaJuara #indonesiamaju  https://t.co/LZJiwBS8hF"
104,2023-02-13 00:41:51,Cahyokt4,"Jangaaaan..  Jangaaaan sampai kejadian yang lalu lalu terjadi lagi..  Kami cinta #NKRI , kami ingin adanya kedamaian dan #Toleransi tinggi..  Bukan Politik seperti ini..   #KritikSandi #Ruangsandi #SandiagaUno #WonderfullIndonesia #BangkitBersamaKemenparekraf #DiIndonesiaAja  https://t.co/lryV1L6oM3"
105,2023-02-13 00:07:26,andrikingo77,Yaampun Pak Sandi hari gini masih mau pake politik identitas? Hobi banget sih mecah belah bangsa #sandiagauno #sandiwara #politikidentitas #politik #jakarta #kemenparekraf #sandiwaraterus #kacau #ngebetnyapres  https://t.co/1Q87L4oKIy
106,2023-02-13 00:05:33,rahmadhdyt709,Parah nie sandiaga uno mainkan politik identitas bisa bahayakan negara nih.. #sandiagauno #sandiagagagal #bapakidentitaspolitik #captikus #politikus  https://t.co/9pM5YVU0B6
107,2023-02-13 00:02:21,fajaronline,"Blak-blakan, Sandiaga Uno Akui Habiskan Rp1 Triliun untuk Pilgub dan Pilpres  https://t.co/wRT4rCyX7J #PilgubDkiJakarta #Pilpres2019 #ReflyHarun #SandiagaUno"
108,2023-02-12 15:30:04,jpnncom,"Deklarasi Dukungan untuk Sandiaga Uno di Sumsel Berlangsung Semarak, Teman Sandi Terus Bergerak #SandiagaUno  https://t.co/tOLmRyWTtf"
109,2023-02-12 14:22:31,portalmediaid,"Tampung Keluhan UMKM, Sandiaga Uno Sebut Harga Minyak Goreng Paling Dikeluhkan  Baca Selengkapnya:  https://t.co/uGFKAuMCWk  #BeritaTerkini #media #Online #news #BreakingNews #umkm #sandiagauno #harga #minyakgoreng #sulsel #Indonesia"
110,2023-02-12 12:04:12,boizqi, https://t.co/9Kf6qGk9DH  #jimcarrey #jayleno #Indonesia #privateequity #jokowi #luhut #luhutpandjaitan #prabowo #megawati #aniesbaswedan #sandiagauno #srimulyani  https://t.co/rjGj99hJcX
111,2023-02-12 11:41:03,boizqi,"Real Indonesia is a huge as Russia, Indonesia has 3 timezones has been always the real global superpower even long before USA was born.  #Indonesia #privateequity #jokowi #luhut #luhutpandjaitan #prabowo #megawati #aniesbaswedan #sandiagauno #srimulyani"
112,2023-02-12 10:21:11,poskotanetwork,Anies Baswedan akhirnya merespons huru-hara soal utang senilai Rp50 miliar kepada Menteri Pariwisata dan Ekonomi Kreatif Sandiaga Uno.  #aniesbaswedan #sandiagauno #menteri #poskota       https://t.co/FFjAhC7tUS
113,2023-02-12 09:18:05,terkinidotid,"50 Tahun PPP, Gubernur Sulsel Jalan Sehat Bersama Sandiaga Uno di Malino: Gubernur Sulawesi Selatan (Sulsel), Andi Sudirman Sulaiman mendampingi Plt Ketua Umum DPP PPP, Muhamad Mardiono dan Menparekraf,…  https://t.co/6pYaUZIwal #Gowa #PPP #50tahunPPP #sandiagauno #Malino"
114,2023-02-12 07:49:24,sobat_sandi,Simak kunjungan Mas Menteri ke Pekan Budaya Tionghoa 🤩  @sandiuno   #sandiagauno #sandiuno #kemenparekraf #Ekonomi #kreatif #Twitter #FYP #Video #viral IM SORRY Diri Hujan Hapsun Morningg Minggu #Foodie #food #Jogja Yogyakarta #food  https://t.co/44NA3XxnOq
115,2023-02-12 07:38:11,fajaronline,"Ribut-ribut Utang Rp 50 M Anies ke Sandi, Tifatul Sembiring: Anehnya, Kenapa Pula Baru Diributin Sekarang  https://t.co/bKzO2H3ktL #PKS #SandiagaUno #TifatulSembiring #UtangAniesBaswedan"
116,2023-02-12 05:52:04,fajaronline,"Hadirkan Figur Potensial dari Luar Partai pada HUT PPP, Mardiono: Kita akan Lanjutkan Perjuangan  https://t.co/YYvkT55rUC #HarlahKe-50 #PPP #SandiagaUno"
117,2023-02-12 04:21:52,portalmediaid,Sandiaga Uno Hadiri Jalan Sehat PPP di Malino  Baca Selengkapnya:  https://t.co/GmhbePjEDP  #BeritaTerkini #media #Online #news #BreakingNews #sandiagauno #jalansehat #PPP #malino #gowa #sulsel #Indonesia
118,2023-02-12 04:17:39,syafhirashora,"Bukan dari Sandiaga Uno, Anies Baswedan Buka Suara soal Perjanjian Utang Pilgub Rp50 Miliar  #SandiagaUno #AniesBaswedan #Pilgub #DKIJakarta   https://t.co/GtwDF13O1I"
