,@Username,Tweet,Lokasi
0,Economicreview_,"Diselenggarakan 7 Kota Besar, Sandiaga Dukung Festival Sinema Australia https://t.co/LW9cXnrWun #sandiagauno",Jakarta Capital Region
1,wartapesona,Ajakan Sandiaga Uno kepada Santri di Ponpes Modern Al-Ikhlash Putri Kuningan untuk Menciptakan Konten Kreatif https://t.co/naCmEJnkSq,Indonesia
2,Ini_ajunk,PPP Sebut Pembicaraan Soal Sandiaga Uno antara Mardiono dan Prabowo Masih Disiapkan - Nasional Tempo https://t.co/HzCQWpoVar #PrabowoPerkuatKesehatan #BangkitBersama,jakarta
3,kennymiles72,"Era Digitalisasi, Sandiaga Uno Dorong Anak Muda Jadi Pemimpin Masa Depan, Sandiaga mendorong anak muda untuk menjadi pemimpin di masa depan.",
4,ForumTerkini,"Sufmi Dasco: Sandiaga Uno Masih Kader Gerindra, Belum Pindah ke PKS https://t.co/8LuLSkw5g5 https://t.co/Xsfy07Toaq","Jakarta, INDONESIA"
5,MashaNdeber,"Ridwan Kamil (16,9%)

Agus Harimurti Yudhoyono (10%)

Sandiaga Uno (6,5%)

Muhaimin Iskandar (6%).

#PrabowoUnggul
#BangkitBersama 
Prabowo Subianto",Oblast Tomsk
6,MashaNdeber,"Sementara di peringkat selanjutnya diisi nama-nama, antara lain Airlangga Hartarto, Eric Thohir, Muhaimin Iskandar, Andika Perkara, Puan Maharani, Sandiaga Uno, Mahfud MD, Gatot Nurmantyo, Anis Matta.

#PrabowoUnggul
#BangkitBersama 
Prabowo Subianto",Oblast Tomsk
7,detikcom,Sandiaga Uno memberikan pencerahan dan motivasi kepada para pelaku ekraf dan UMKM binaan keluarga besar PPP Kabupaten Kuningan. https://t.co/p5PiMa7N7I,"Jakarta, Indonesia"
8,SwaraPita,"Ridwan Kamil (16,9%)

Agus Harimurti Yudhoyono (10%)

Sandiaga Uno (6,5%)

Muhaimin Iskandar (6%).

#PrabowoUnggul
#BangkitBersama 
Prabowo Subianto",
9,_dark_roses,@kuwlgurl Sandiaga Uno game,TKG
10,IrfynaC,"""Cawapres paling Favorit sementara ini ialah Ridwan Kamil. Lalu diikuti oleh Agus Harimurti Yudhoyono, Sandiaga uno kemudian Muhaimin Iskandar,"" kata Direktur Median Ade Irfan Abdurrahman.","Gombong, Indonesia"
11,darryl_riona,"""Cawapres paling Favorit sementara ini ialah Ridwan Kamil. Lalu diikuti oleh Agus Harimurti Yudhoyono, Sandiaga uno kemudian Muhaimin Iskandar,"" kata Direktur Median Ade Irfan Abdurrahman.",Indonesia
12,bakti_made,"""Cawapres paling Favorit sementara ini ialah Ridwan Kamil. Lalu diikuti oleh Agus Harimurti Yudhoyono, Sandiaga uno kemudian Muhaimin Iskandar,"" kata Direktur Median Ade Irfan Abdurrahman.","Depok, Indonesia"
13,DaltonSembiring,"@YanHarahap @AgusYudhoyono @aniesbaswedan Sandiaga Uno pun dulu disanjung-sanjung,  akhirnya seluruh pinjaman harus direlakan 😂",Under the sun
14,RyujiDanma4,"""Cawapres paling Favorit sementara ini ialah Ridwan Kamil. Lalu diikuti oleh Agus Harimurti Yudhoyono, Sandiaga uno kemudian Muhaimin Iskandar,"" kata Direktur Median Ade Irfan Abdurrahman.","Depok, Indonesia"
15,ECandraji,"""Cawapres paling Favorit sementara ini ialah Ridwan Kamil. Lalu diikuti oleh Agus Harimurti Yudhoyono, Sandiaga uno kemudian Muhaimin Iskandar,"" kata Direktur Median Ade Irfan Abdurrahman.",
16,AryFauzian,"""Cawapres paling Favorit sementara ini ialah Ridwan Kamil. Lalu diikuti oleh Agus Harimurti Yudhoyono, Sandiaga uno kemudian Muhaimin Iskandar,"" kata Direktur Median Ade Irfan Abdurrahman.","Jakarta Pusat, DKI Jakarta"
17,Pahamya_Okesip,Pernah lihat Sandiaga Uno atau Hari Tanu selfi pegang duit? Yg ada yg hobi kayak gitu itu kuli. Orang yg kaya beneran malah gak pernah pamer apa2 sama sekali. Kalaupun pamer justru sosoknya gak kelihatan. Misalnya yg difoto barangnya doang atau duitnya doang. Takut dikejar pajak.,"Dunia, Panggung Sandiwara"
18,Alonesiacom,"Ditemui Presiden Direktur Lion Air Group, Sandiaga Uno Singgung Harga Tiket Pesawat Terjangkau https://t.co/TwfClBEizk",
19,inilahdotcom,"Untuk merealisasikan Indonesia sebagai kiblatnya ekonomi digital, Menteri Pariwisata dan Ekonomi Kreatif (Menparekraf) Sandiaga Uno menargetkan 24 usaha rintisan (startup) Indonesia ikut program Baparekraf for Start Up (Bekup) 2023. “Pada Bekup 2023 kami… https://t.co/yREQPfTItn",
20,goentz1,"Ridwan Kamil (16,9%)

Agus Harimurti Yudhoyono (10%)

Sandiaga Uno (6,5%)

Muhaimin Iskandar (6%).

#PrabowoUnggul
#BangkitBersama 
Prabowo Subianto",
21,goentz1,"Airlangga Hartarto, Eric Thohir, Muhaimin Iskandar, Andika Perkara, Puan Maharani, Sandiaga Uno, Mahfud MD, Gatot Nurmantyo, Anis Matta.

#PrabowoUnggul
#BangkitBersama 
Prabowo Subianto",
22,soloposdotcom,Sandiaga Uno Pasang Target 24 Start Up Ikuti Program Bekup 2023 https://t.co/D01hls7wgB,"Solo, Central Java, Indonesia"
23,OkeBaliNews,Sandiaga Uno Meluncurkan Program Baparekraf for Startup BEKUP 2023 - https://t.co/7ys3fGdM8r https://t.co/ILNB7joevc,"Bali, Indonesia"
24,fajarposmedia,@sandiuno eks. Wagub DKI Jakarta / Menteri @Kemenparekraf [Profil Sandiaga Uno | Sandiaga Salahuddin Uno 📺 selengkapnya tersedia di @fajarpostv : https://t.co/K616N7cnKS],Indonesia
25,mercifulove,"7. Agus H Yudhoyono 3,1%
8. Puan Maharani 2,7%
9. Sandiaga Uno 2,7%
10. Airlangga Hartarto 2,4%
11. Muhaimin Iskandar 2,2%
#PrabowoNana2024 #IkutPakde Prabowo Subianto",
26,mercifulove,"Puan Maharani: 1,6%
Sandiaga Uno: 1,5%
AHY: 1,3%
Andika Perkasa: 0,8%
Cak Imin: 0,6%
#PrabowoNana2024 #IkutPakde Prabowo Subianto",
27,rkrijuara,"Cawapres Terfavorit survei Median Ridwan Kamil @ridwankamil
Disusul AHY dan Sandiaga Uno 
https://t.co/D3lwFzBdi5","Jawa Barat, Indonesia"
28,InfoKinimks,"Gubernur Andi Sudirman Dampingi
Sandiaga Uno dan Teten Masduki Buka INACRAFT 2023

https://t.co/c6cOvjSY1c","Kota Makassar, Sulawesi Selata"
29,HeruPra38506136,@CNNIndonesia Maju Anies-Sandiaga Uno,Cirebon
30,Sobat_Juara,"""Cawapres paling Favorit sementara ini ialah Ridwan Kamil. Lalu diikuti oleh Agus Harimurti Yudhoyono, Sandiaga uno kemudian Muhaimin Iskandar,"" kata Direktur Median Ade Irfan Abdurrahman.","Jawa Barat, Indonesia"
31,kompascom,Menparekraf Sandiaga Uno mengapresiasi Pemprov Sulsel yang jadi ikon dalam pameran produk kerajinan Inacraft 2023. https://t.co/FddChsGhGG,Jakarta
32,kimiafarmaind,"...yang kali ini mengusung Tema The Authentic South Sulawesi Pameran INACRAFT 2023 diresmikan langsung oleh Menparekraft Sandiaga Uno selaku Menteri Pariwisata dan Ekonomi Kreatif mewakili Presiden Joko Widodo pada Rabu (1/3) Mengikutsertakan UMKM Binaan dalam pameran,... https://t.co/LAsGUVhadh",Indonesia
33,rkrijuara,"Permisi, Elektabilitas Ridwan Kamil @ridwankamil Tertinggi Salip Sandiaga Uno dan Erick Thohir di Survei Cawapres Versi IPS - https://t.co/tuvFmnX7eS","Jawa Barat, Indonesia"
34,Wisesa2024,"Permisi, Elektabilitas Ridwan Kamil @ridwankamil Tertinggi Salip Sandiaga Uno dan Erick Thohir di Survei Cawapres Versi IPS - https://t.co/jISTzt39Z1
#Ridwan",
35,SejarahLokal,"Lion Air Gandeng Kemenparekraf, Tiket Lebih Murah!  Sandiaga Uno Optimis 1,4 Miliar Wisatawan Tercapai!
#SandiagaUno 
 https://t.co/mrrkeMBoTl",
36,HilyaSalsabill4,Ya Alloh sekian lama baru sempet buka Instagram dan ke ruang pak Sandiaga Uno Di postingan terbaru beliau malah yang pada komentar tentang pak ABW 🤣🤣🤣🤣sampe ketawa kekel malah komentatornya pada mendo’akan pak ABW jadi Presiden 2024 begitu banyak yang mencintai ABW❤️,
37,Milli621807311,"Wiiiih, akeh yo
Tapi belum bisa bayar hutang sama Sandiaga Uno dan Jusuf kala (Charli Chaplin). https://t.co/J8oWapm19d",
38,MNCupdate,"Menteri Pariwisata dan Ekonomi Kreatif, Sandiaga Uno memberikan apresiasi terhadap karya Callista Aldenia yang sukses mendesain baju konser Billie Ellish. 

#Sandiagauno #CallistaAldenia #billieeilish #Bandung #beritaviral #HotNews #MNCUpdate #Updaters https://t.co/BiwlIZZjlr","DKI Jakarta, Indonesia"
39,tvOneNews,Dasco Tegaskan Sandiaga Uno Masih di Gerindra Meski Diisukan Dampingi Anies Baswedan https://t.co/RLLwcrA8ft,Pulo Gadung
40,riananasution17,"Gak mungkin ahh. Pak Sandiaga itu patuh sama prabowo dan gerindra pastinya. Ngablu yaa wkwkwk 
#Anies #pks #sandiagauno #gerindra",
41,Rizwariryb,"8. Muhaimin Iskandar 2,0%
9. Andika Perkasa 1,3%
10. Puan Maharani 1,3%
11. Mahfud Md 1,2%
12. Sandiaga Uno 1%
13. Gatot Nurmantyo 0,9%
14. Anis Matta 0,8%
15. Moeldoko 0,5%
16. Giring Ganesha 0,5%
17. Hary Tanoesoedibjo 0,2% 

#PrabowoUnggul #IkutPakdePrabowoSubianto",Senayan Jakarta Selatan
42,Sunardirendhi,"Menparekraf Sandiaga Uno Senang Pelaku UMKM di Cirebon Beri Sumbangsih Target 4,4 Lapangan Kerja https://t.co/PQMBFhV8Al  @Kemenparekraf   @sandiuno    @cirebon",
43,sobat_sandi,"Bangga sekali rasanya bisa hadir dalam agenda AA Investment Summit 2023.

@sandiuno 

#sandiagauno #sandiuno  #Ekonomi Bapak #kreatif #Twitter #FYP #vacation #destination Ini Twitter Jam 5 Maret Siang Mengangkat https://t.co/Zifr9mGyDE",
44,GuysSandi,#sandiagauno #sandiuno  #Ekonomi Bapak #kreatif #Twitter #FYP #vacation #destination Ini Twitter Jam 5 Maret Siang Mengangkat,
45,sobat_sandi,"Pesawat Khusus Event F1PowerBoat ! 👏

@sandiuno 

#sandiagauno #sandiuno  #Ekonomi Bapak #kreatif #Twitter #FYP #vacation #destination Ini Twitter Jam 5 Maret Siang Mengangkat https://t.co/cpWPlb57vt",
46,KumhamNTB,"Pameran yang dibuka oleh Menteri Pariwisata dan Ekonomi Kreatif Indonesia, Sandiaga Uno ini diharapkan dapat menjadi sarana pengenalan berbagai produk Indikasi Geografis

#KumhamNTB
#KemenkumhamNTB
#RomiYudianto
#KanwilKemenkumhamNTB
Kanwil Kemenkumham NTB
Romi Yudianto",
47,rkij_sukabumi,"Sebanyak 21,8 persen responden menyatakan, Ridwan Kamil sebagai sosok yang paling tepat untuk menjadi wapres mendatang, sedangkan Sandiaga Uno dipilih oleh 15,5 persen responden,"" lanjut Alfin Sugianto.","Sukabumi, Indonesia"
48,rkij_sukabumi,"Permisi, Elektabilitas Ridwan Kamil Tertinggi Salip Sandiaga Uno dan Erick Thohir di Survei Cawapres Versi IPS https://t.co/ZwQtBNlOXy","Sukabumi, Indonesia"
49,rkij_sukabumi,"""Cawapres paling Favorit sementara ini ialah Ridwan Kamil. Lalu diikuti oleh Agus Harimurti Yudhoyono, Sandiaga uno kemudian Muhaimin Iskandar,"" kata Direktur Median Ade Irfan Abdurrahman.","Sukabumi, Indonesia"
50,d_alienz,"@Jhonkosmik Prabowo Subianto- Sandiaga Uno ( PABBUNO 2024)

Org Bufis pasti paham 😁",
51,20detik,Ngobrol Bareng Sandiaga Uno Sambil Kepoin Isi Medsosnya https://t.co/bONz5ZPiUQ,JKT-INA
52,mingskyyy_,"Selain itu, ada nama Puan Maharani 2,4%, Erick Thohir 1,6%, Muhaimin Iskandar 1,3%, Airlangga Hartarto 1,2%, Andika Perkasa 1,2%, Sandiaga Uno 1,2%, dan Ahmad Heryawan 1,1%. 
#PrabowoUnggul #IkutPakde Prabowo Subianto","Jakarta Selatan, DKI Jakarta"
53,Heaptalk1,"Sandiaga Uno inaugurates Inacraft 2023, promoting Indonesian handicrafts to the world – Inacraft 2023 is held for 5 days from March 1-5 at the Jakarta Internatio... https://t.co/ujGypno643","Jakarta, Indonesia"
54,SitiSumiran,"Erick Thohir 4,2%
Sandiaga Uno 2,7%
Airlangga Hartarto 2,6%
Puan Maharani 2,2%
Muhaimin Iskandar 0,9%
Belum punya pilihan 0,7%
Tingkat Elektabilitas Partai Politik

Prabowo Subianto

#PrabowoUnggul

#BangkitBersama

Setyoko2024",
55,pyylahh1,"Kemudian mantan Panglima TNI Andika Perkasa 4,2%, Ketua Umum Partai Demokrat Agus Harimurti Yudhoyono (AHY) 3,1%, Menparekraf Sandiaga Uno 2,1%, Ketua Umum PKB Muhaimin Iskandar 1,2%. 
#PrabowoUnggul #IkutPakde Prabowo Subianto",
56,GuysSandi,"Pariwisata Indonesia bangkit melebihi Target 👏

@sandiuno 

 #sandiagauno #sandiuno #kemenparekraf #Ekonomi Bapak #kreatif #Twitter #FYP #vacation #destination Berita Ekonomi Terkini Maret lengkapnya nyaman bersama paling pas Hanya Di bapak #healing #holiday https://t.co/GW91fI9AgB",
57,samarchitect86,@ZeboLady Sandiaga Uno sudah gak mau...,Bogor
58,detikcom,PKS memunculkan wacana duet 'CLBK' antara Anies Baswedan dan Sandiaga Uno untuk maju di Pilpres 2024. Begini respons Gerindra.  https://t.co/Qn3M3W1D8Z,"Jakarta, Indonesia"
59,baliislandman,@AgusYudhoyono @aniesbaswedan @PDemokrat Ayo kita lanjutkan pembangunan CANDI HAMBALANG. Atau anggarkan dulu trus uangnya pake ngembalikan utang ke Sandiaga Uno gemana Gus?? (bisik si mAnies ke si bAgus) 🤣🤣😜,Denpasar Bali Indonesia
60,cgtrisanjaya,"@PKSejahtera maunya Sandi
@NasDem maunya Khofifah
@PartaiDemokrat maunya AHY
Jadi berkoalisi nggak sih?
https://t.co/oyUoZqgH5M

PKS memunculkan wacana duet 'CLBK' Anies Baswedan dan Sandiaga Uno maju di Pilpres 2024. Begini respons Gerindra.","di tanah, udara, dan pepohonan"
61,AhmadNa88154269,"ELIT PARTAI GERINDRA @prabowo MINTA SANDIAGA UNO DIPECAT MENJADI KADER?? #sandiagaunoberhiyanat
#sandiagakebeletnyapres #sandiagauno #sandiagagagal #waspadaparpolproteroris #waspadacapresradikal #bapakpolitikidentitas #sandiwarauno #Pilpres2024 https://t.co/asFDssIQS5",
62,WartaEkonomi,Sandiaga Uno Dorong Para Pelaku Ekraf di INACaRAFT Jadi Agen Perubahan Kebangkitan Ekonomi https://t.co/YbH5qMn3Ve,"Jakarta, Indonesia"
63,BizlawIndonesia,"Cawapres Terfavorit Versi Median, Ridwan Kamil, AHY, dan Sandiaga Uno! https://t.co/U4gMuKq6jw",Portal Informasi Berita Hukum dan Ekonomi Indonesia
64,Edymaull,"ELIT PARTAI GERINDRA MINTA SANDIAGA UNO DIPECAT MENJADI KADER!!!! 
#sandiagakebeletnyapres #sandiagauno #sandiagagagal #waspadaparpolproteroris #waspadacapresradikal #bapakpolitikidentitas #sandiwarauno #Pilpres2024 https://t.co/HBxnYuosrr",
65,lapas_kuningan,"Pada pagi hari pembukaan acara, Sandiaga Uno, Menteri Pariwisata dan Ekonomi Kreatif Indonesia, turut hadir dan berkeliling ke berbagai booth untuk memberikan dukungan dan penguatan bagi para pelaku UKM. 

#KemenkumhamJabar 
#RandikaDwiPrasetya","Kuningan, Indonesia"
66,indozonemedia,"Sandiaga Uno menjelaskan kehadiran UMKM di Grage City Mall Cirebon dapat meningkatkan omzet hingga peluang usaha baru disekitar.

https://t.co/t1ikKOQEng via @indozonemedia",Jakarta
67,abatanews,Sandiaga Uno Puji Produk Sulsel di Pameran Inacraft 2023  https://t.co/aUJVtUVamQ,
68,adaapaaja21,"Sebelumnya, Plt Ketum PPP Mardiono mengajak Sandiaga Uno menjadi kader PPP sekaligus maju sebagai Calon Presiden (Capres) 2024.#PrabowoPerkuatKesehatan Prabowo Subianto",
69,lpncirebon2,"Sandiaga Uno, Menteri Pariwisata dan Ekonomi Kreatif Indonesia, turut hadir dan berkeliling ke berbagai booth untuk memberikan dukungan dan penguatan bagi para pelaku UKM. Kehadirannya diharapkan dapat memberikan semangat dan motivasi
#KemenkumhamJabar 
#RAndikaDwiPrasetya https://t.co/BNPgbMlxkH",
70,lp_indramayu,"Sandiaga Uno, Menteri Pariwisata dan Ekonomi Kreatif Indonesia, turut hadir untuk memberikan dukungan dan penguatan bagi para  UKM. Kehadirannya diharapkan dapat memberikan semangat dan motivasi bagi pelaku UKM.

#KemenkumhamJabar
#RandikaDwiPrasetya https://t.co/woV5QpSilk",Jl. Jend. Gatot Subroto No. 04
71,PutraAlamsyahJ1,Seperti kacang lupa kulitnya Ini Mah Bang Sandi. #sandia #sandiagauno #gerindra #prabowo #Pilpres2024 https://t.co/JbGOK6RO6G,
72,Cahyokt4,"Yang #toxic kelaut aja.. 
Sama orang yg berjasa aja begini,, mau jadi pemimpin lagi 
Haduu #Ngeri

#Kesetiaan #KritikSandi #Ruangsandi #SandiagaUno #WonderfullIndonesia #BangkitBersamaKemenparekraf #DiIndonesiaAja #Ggmu https://t.co/yiBAT6TByP",
73,detikcom,Sampai saat ini cawapres Anies masih belum diputuskan. PKS bahkan mulai buka peluang agar Anies berdampingan dengan Sandiaga Uno di 2024.   https://t.co/2AFPy8NzDt,"Jakarta, Indonesia"
74,Jhonkosmik,"PKS cukup bijak jika memperjuangkan ini.
Sebab bisa jadi cara Anies membayar hutangnya ke Sandi.

Sandiaga Uno - Anies Baswedan
                (SADIS 2024)
              https://t.co/j1IZRTH2LF",
75,AsepSeptiyana_,Waa dduuhh kok jadi kaya gini ya 🙃🙃🙃 #sandiagauno #sandi #kemenparekraf #wonderfulindonesia #IndonesiaJuara #IndonesiaMaju https://t.co/dVpGSBsiuW,
76,0kto71,"PKS tidak menampik sampai saat ini cawapres Anies masih belum diputuskan. PKS bahkan mulai membuka peluang agar Anies berdampingan dengan Sandiaga Uno di 2024.

Wow, mungkin karena SU uangnya banyak? Dan kalo menjamin uang gak perlu diganti?🤣😁 https://t.co/fgc1aDUc5C",
77,catatankaqihati,"Sandiaga Uno mengungkapkan Terselenggaranya event internasional di Kabupaten Toba, merupakan langkah kolaborasi dan menjadi momentum kebangktan pariwisata Indonesia. Juga, menandai kesiapan Danau Toba sebagai salah satu Destinasi Pariwisata Super Prioritas (DPSP). https://t.co/fSNquMSOqU",Indonesia
78,sandi6109,Welll play,
79,andrikingo77,Bener juga sih itu mending langsung dipecat aja daripada gajelas kan pak Sandi ini mau kemana arahnya? #sandiagauno #gerindra #prabowosubianto #kacanglupakulit #politikidentitas #rumahdp0 #jakarta #kemenparekraf https://t.co/cI6h79AZa7,
80,AnakTangsiAD,"°
| Manuver Kartu Mati 

manuver politik mblegedes. 
Alih² ingin merusak partai Gerindra. 

https://t.co/Rf1emf8ysN

PKS tidak menampik sampai saat ini cawapres Anies masih belum diputuskan. PKS bahkan mulai membuka peluang agar Anies berdampingan dengan Sandiaga Uno di 2024.",Kota Serdadu
81,AldiNeno,"@ridwankamil raih elektabilitas tertinggi tokoh potensial maju cawapres di Pemilu 2024. Posisi selanjutnya diisi Menparekraf Sandiaga Uno &amp; Menteri BUMN Erick Thohir di posisi tiga besar.
Hasil tersebut didapat berdasarkan survei yang dilakukan oleh IPS  https://t.co/dAHOq9ieMf","Ujungberung, Indonesia"
82,rahmadhdyt709,"sandiaga uno dipecat partai gerindra.
#sandiagauno #sandigagal #gerindra #partai #bapakidentitaspolitik #kacanglupakulit #dipecat #cnnindonesia https://t.co/UieNvnyxgf",
83,beritasulselcom,Andi Sudirman Dampingi Sandiaga Uno dan Teten Masduki Buka Inacraft 2023 - https://t.co/Z05vfdnQv1 https://t.co/ZBOQ99kUXI,
84,AyuPenari,Sandiaga Uno Dorong Kuningan Kembangkan Konsep Wisata Berbasis Komunitas https://t.co/x9XiCDl2d1 #WisataKuningan #Ciayumajakuning,"Semanu, Indonesia"
85,lingga_susilo,"Partai Elit ❎
Politik Sulit ✅
Owalahhhhh, Uno Uno udahlah lebih baik mundur aja, daripada harga diri jatuh. #Sandiagauno #Dipecat #Gerinda #Gakbisakerja #trending2023 #TrendingTopics #Trending https://t.co/vOYeN2xVZS",
86,wartapesona,Sandiaga Uno Mendorong Pelaku Ekraf di INACRAFT untuk Menjadi Agen Perubahan dalam Kebangkitan Ekonomi https://t.co/ng3JIzNvKG,Indonesia
87,wartapesona,Sandiaga uno Mendorong Kabupaten Kuningan untuk Mengembangkan Produk Pariwisata Berbasis Komunitas https://t.co/n14gRLTUoR,Indonesia
88,wartapesona,Mengagumkan! Sandiaga Uno Naik Kereta Panoramic KAI Wisata Selama Kunjungan Kerja ke Jawa Barat https://t.co/S3c8K2750Y,Indonesia
89,BaswaraJenggala,"Dan yg makin bikin gw down banget lihat wajah mama yg begitu berharap banget gw bisa sukses di jepang nanti,
Sampe kepikiran waktu itu ngedm pak anis baswedan dan pak sandiaga uno untuk minta beasiswa atau bantuan dana agar gw bisa sekolah dan bekerja diluar negri",Tokyo 
90,tennierubyten,"ameeen, thank you sandiaga uno. 🤗🙏🏻 *cipika cipiki*

mau apa sebut aja. 😌",MTY-003
91,Disuruh_Iben,"Prabowo Subianto:  Imej Tegasnya Kadung Nempel, Siapa Sangka Sisi Lain Prabowo Subianto Subianto Begini, Sandiaga Uno Sebut Bak Komika - GridPop https://t.co/uWG6oUXQcK #PrabowoPerkuatKesehatan #BangkitBersama",Pulau Impian
92,tiafatmawati9,"Elektabilitas Sandiaga Uno Teratas, Gerindra: Sosok Cawapres Terkuat Prabowo Tentu Cak Imin.

capres2024

pemilu2024

dekade08

terusmajubersamaprabowo

mendingprabowo

Wis Wayahe Prabowo",
93,arjune_syauqi,"Elektabilitas Sandiaga Uno Teratas, Gerindra: Sosok Cawapres Terkuat Prabowo Tentu Cak Imin.

capres2024

pemilu2024

dekade08

terusmajubersamaprabowo

mendingprabowo

Wis Wayahe Prabowo",
94,MilaSafira,"Elektabilitas Sandiaga Uno Teratas, Gerindra: Sosok Cawapres Terkuat Prabowo Tentu Cak Imin.

capres2024

pemilu2024

dekade08

terusmajubersamaprabowo

mendingprabowo

Wis Wayahe Prabowo",Bekasi
95,ricko_liquid,"Kunjungi Kediaman Sandiaga Uno, KPUD Jaksel Berharap Masyarakat Kawal Coklit Data Pemilih

 #Sindonews #BukanBeritaBiasa .https://t.co/HgCtDO7mIU","Purworejo, Indonesia"
96,IfkhaSyabil,"Elektabilitas Sandiaga Uno Teratas, Gerindra: Sosok Cawapres Terkuat Prabowo Tentu Cak Imin.

capres2024

pemilu2024

dekade08

terusmajubersamaprabowo

mendingprabowo

Wis Wayahe Prabowo",
97,SINDOnews,"Kunjungi Kediaman Sandiaga Uno, KPUD Jaksel Berharap Masyarakat Kawal Coklit Data Pemilih

 #Sindonews #BukanBeritaBiasa .https://t.co/rZyfeaqhKO","Jakarta Pusat, DKI Jakarta"
98,channel_alec,"@MayaA62580468 Bisa di lanjutkan oleh GANJAR-SANDIAGA UNO
Pasti INDONESIA MAJU...","DKI Jakarta, Indonesia"
99,Txtdrberita1,"Kunjungi Kediaman Sandiaga Uno, KPUD Jaksel Berharap Masyarakat Kawal Coklit Data Pemilih https://t.co/lrSWJiBwif",
100,elangnewscom,https://t.co/k3KOrxRmDQ - Sandiaga Uno Ajak Santri Kreatif Berkarya Bernuansa Islami #elangnews https://t.co/CsSr5MHr1T,Indonesia
101,oke_zone,"Sandiaga Uno Pakai Jaket Karya Callista Aldenia, Remaja Bandung Pencipta Kostum Billie Ellish Menteri Pariwisata dan Ekonomi Kreatif Sandiaga Uno mengapresiasi karya Callista Aldenia yang sukses mendesain baju ... https://t.co/h5ucgABYnW",
102,terkinidotid,"Gubernur Dampingi Sandiaga Uno Tinjau Produk Kerajinan: Produk Sulsel Luar Biasa: Menteri Pariwisata dan Ekonomi Kreatif (Menparekraf) RI, Sandiaga Salahuddin Uno mengapresiasi Pemprov Sulsel… https://t.co/nP02YaIdXz #Sulsel #PemprovSulsel #GubernurSulselAndiSudirmanSulaiman","Makassar, Indonesia"
103,rakyatinfo7,"Berikut data lengkap elektabilitas capres 2024 versi IPS:

Prabowo Subianto 33,2%

Ganjar Pranowo 22,1%

Anies Baswedan 20,9%

Ridwan Kamil 6,2%

Agus Harimurti Yudhoyono 4,3%

Erick Thohir 4,2%

Sandiaga Uno 2,7%

Airlangga Hartarto 2,6%

Puan Maharani 2,2",
104,KebenaranLambe,"@nikizeflop @ANTAREUSSS @flopnezMo @LMH1640 @kak_jill @HattersBusuk @nikizefanya Sandiaga uno be like this 🤣setelah momon kebanyakan bacot i wanna win my first grammy di tv"" lokal tapi malah jdi bunga tidur yg mustahil terwujud wkwkwk😂😂😂😂 https://t.co/9suUlZP48e",
105,linisulsel,"Sandiaga Uno Dapat Badik Saat Kunjungi Stand Pameran INACRAFT Luwu 

https://t.co/FvBmsMbgG9 https://t.co/KitaVLeP3t",Kabupaten Gowa & Kota Palopo
106,didiseharian,"@blondeebonyy dr Indra bilang di primata hospital , punya mas Sandiagauno",di hatimu
107,rkrijuara,"Survei Cawapres Median Via FB: Ridwan Kamil @ridwankamil
Teratas disusul AHY dan Sandiaga Uno 
https://t.co/o9IMRfijBj","Jawa Barat, Indonesia"
108,mediaindonesia,"Sebagai super mentor, Sandiaga Uno memberikan motivasi dan kisi-kisi sukses dimasa mendatang dan peningkatan media digitalisasi kepada para milenial.  https://t.co/S5BoAkZdgt",Jakarta - Indonesia
109,nailnisaa,Menparekraft Sandiaga Uno Resmi Buka Ajang INACRAFT 2023 #pameran #produkkerajinanterbesar #internationalhandicrafttradefair https://t.co/ToTGERKJuZ,"Bogor, Jawa Barat"
110,PedomanRakyat,"Kunjungi Stand Dekranasda Luwu, Sandiaga Uno Apresiasi Badik Luwu https://t.co/sdQoFtuPfL",Indonesia
111,okezonenews,"Buka Inacraft 2023, Sandiaga Uno: Kita Harus Bangga Buatan Indonesia. #LengkapCepatBeritanya #Keuangan #Ekonomi #Ekonomi #EkonomiIndonesia . https://t.co/iXNpNfdrnz",Jakarta
112,upiqjie,"Kunjungi Stand Dekranasda Luwu, Sandiaga Uno Apresiasi Badik Luwu https://t.co/mUg55vW2UT https://t.co/6WSDAniU0c","Makassar, Indonesia"
113,Bangbaros2,@bachrum_achmadi Kita lht saja nnti apakah Pak Eric Thohir dan Pak Sandiaga Uno wara wirii k venue FORMULA E... Kkwkw,
114,soloposdotcom,"Ridwan Kamil Bakal Cawapres Terfavorit, Disusul AHY dan Sandiaga Uno https://t.co/La5DhzNPEw","Solo, Central Java, Indonesia"
115,pinyfoxofficial,"Disisi lain, kemenparekraf, Bapak Sandiaga Uno mengatakan bahwa praktik pembelian barang bekas ini dapat membantu mengatasi seperti mengurangi permasalahan lingkungan.
#HaveGoodDay",Indonesia
116,AsixChanel,@DoankWarto Kalau saya pengen nya Prabowo yg jadi presiden wakil nya kalau bisa ya Ridwan Kamil atau Sandiaga Uno.. kalau sekarang saya dukung Prabowo karena Prabowo yg sekarang udah bersih dari gerombolan kadrun..,
117,Rakyatsatu_com,"Prabowo Subianto 33,2%
Ganjar Pranowo 22,1%
Anies Baswedan 20,9%
Ridwan Kamil 6,2%
Agus Harimurti Yudhoyono 4,3%
Erick Thohir 4,2%
Sandiaga Uno 2,7%
Airlangga Hartarto 2,6%
Puan Maharani 2,2%
Muhaimin Iskandar 0,9%
Belum punya pilihan 0,7%","Kota Makassar, Sulawesi Selata"
118,tokopedia,"Guys besok akan Live Shopping INACRAFT bersama Mas Menteri Sandiaga Uno @sandiuno nih! Banyak produk lokal yang diskon sampe 80%, dan ada giveaway Gift Card 450 ribu juga buat 3 org pemenang~ 

Nyalain reminder-nya ya biar ga ketinggalan 😉 

#PPGR #liveshopping #Tokopediaevent",
119,CahAngo45022699,"Ketum Partai Demokrat AHY menempati posisi keenam dgn perolehan suara 1,2 persen.
Posisi ketujuh, ada nama Menparekraf Sandiaga Uno yg memperoleh 0,9 persen suara.
Posisi kedelapan, yaitu Menteri Sosial Tri Rismaharini dgn 0,6 persen suara.
#GanjarBeriKemajuanNKRI https://t.co/62KXVJPEId",jawa tengah
120,jpnncom,"PPKM Dicabut, Jadi Momentum Kebangkitan Industri Wisata di Indonesia #SandiagaUno https://t.co/PY197czli0",Indonesia
121,liputan6dotcom,"Sandiaga Uno Incar 7,4 Juta Turis Asing Kunjungi Indonesia di 2023 https://t.co/AFuI0Glvtk",INDONESIA
122,ElshintaDotcom,Sandiaga Uno gunakan kereta panoramic untuk kunjungan kerja https://t.co/9lOHwf7L6z https://t.co/HCqX63zaAW,Jakarta Barat
123,tempodotco,Sandiaga Uno Promosikan Kereta Panoramic: Sensasinya Menarik dan Luar Biasa https://t.co/ecz7CAHF9q #TempoTravel,Indonesia
124,tribunbanten,"PPP Sepakat Pinang Sandiaga Uno di Pilpres 2024, Sebut Mengulang Kejayaa... https://t.co/MwlQCm2FzP lewat @YouTube https://t.co/gdxOgOnx4Y",Banten
125,jpnncom,"#BeritaJateng 
Terinspirasi Sandiaga Uno, YPIJ Adakan Pelatihan Wirausaha untuk Warga Temanggung
@sandiuno 
#pelatihanwirausaha
#sandiagauno 
https://t.co/MUWR6kCxGj",Indonesia
126,ECandraji,"Indonesia Polling Stations (IPS) juga merilis hasil survei tokoh yang masuk bursa cawapres 2024. Gubernur Jawa Barat Ridwan Kamil, Menparekraf Sandiaga Uno, dan Menteri BUMN Erick Thohir menempati posisi 3 besar di survei ini. https://t.co/5pmZdx2Ug4",
127,mulhandy1945,@seruanhl @Urrangawak @erickthohir @03__nakula @Ary_Prasetyo85 @chaterine_8 @NgkongRoses @yarachantique @GadisNKRI_ @selfmirror_ @MARV3Louis @denni_sauya @terbucinz Kenapa nda Ganjar - Sandiaga Uno ??  Kalo dilihat kekayaannya dengan Erick yg mana yah yang lebih kaya.🤭🙏,Indonesia
128,HidayatNatari,"https://t.co/aJdOGHddMc
Voxpol; Anies tertinggi disegmen Capres, Sandiaga Uno tertinggi di segmen Cawapres. 
Tras; Pasangan Anies-AHY tertinggi dari pasangan Ganjar-Erick dan pasangan Prabowo-Khofifah. https://t.co/cND06pPgfr",
129,RyujiDanma4,"""Ridwan Kamil dan Sandiaga Uno tetap paling banyak dipilih responden sebagai wapres jika pilpres dilaksanakan saat ini. Sebanyak 21,8% responden menyatakan Ridwan Kamil sebagai sosok yang paling tepat untuk menjadi wapres RI mendatang","Depok, Indonesia"
130,RyujiDanma4,"Indonesia Polling Stations (IPS) juga merilis hasil survei tokoh yang masuk bursa cawapres 2024. Gubernur Jawa Barat Ridwan Kamil, Menparekraf Sandiaga Uno, dan Menteri BUMN Erick Thohir menempati posisi 3 besar di survei ini. https://t.co/AoXSp0fMb8","Depok, Indonesia"
131,bakti_made,"""Ridwan Kamil dan Sandiaga Uno tetap paling banyak dipilih responden sebagai wapres jika pilpres dilaksanakan saat ini. Sebanyak 21,8% responden menyatakan Ridwan Kamil sebagai sosok yang paling tepat untuk menjadi wapres RI mendatang","Depok, Indonesia"
132,bakti_made,"Indonesia Polling Stations (IPS) juga merilis hasil survei tokoh yang masuk bursa cawapres 2024. Gubernur Jawa Barat Ridwan Kamil, Menparekraf Sandiaga Uno, dan Menteri BUMN Erick Thohir menempati posisi 3 besar di survei ini. https://t.co/ccbfSoXHA1","Depok, Indonesia"
133,caritaucom,"Sandiaga Uno memilih moda transportasi Kereta Panoramic untuk melakukan kunjungan kerja ke beberapa daerah di Jawa Barat. Ia sendiri menuturkan sensasi menarik saat menggunakan kereta tersebut. 
https://t.co/n1x6ttSKGC https://t.co/VZG45IE2X8",
134,SINDOnews,"Sandiaga Uno Ajak Santri Ciptakan Konten Kreatif Bernuansa Islami
https://t.co/doqnCWggMq","Jakarta Pusat, DKI Jakarta"
135,OkeBaliNews,Sandiaga Uno Ajak Santri di Ponpes Modern Al-Ikhlash Putri Kuningan Ciptakan Konten Kreatif - https://t.co/YN2mIt5Wqi https://t.co/ULeQf4yv1L,"Bali, Indonesia"
136,SeputariNews,"Sandiaga Uno Ajak Santri Ciptakan Konten Kreatif Bernuansa Islami
 https://t.co/qyW0kXr1X7",MNC News Center Lt.11 Jakarta
137,detik_jabar,"Ini lima kuliner Cirebon yang kerap diburu wisatawan versi Menpar Sandiaga Uno. Simak yuk ulasannya di sini detikers! 
https://t.co/CgbZjWF154",
138,ratih_ploey,"Setelah itu, pasangan Sandiaga Uno ini tampak agak emosional karena teringat mendiang sang ibu. #PrabowoSubianto #PrabowoPerkuatKesehatan #BangkitBersama",
139,fathw25,Sandiaga Uno Dukung Prabowo Subianto Capres 2024 - SINDOnews Nasional https://t.co/bw3txpwGgJ #IndonesiaKuat #BangkitBersama,
140,OkeBaliNews,Sandiaga Uno Dorong Kabupaten Kuningan Kembangkan Produk Parekraf Berbasis Komunitas Membangkitkan Ekonomi - https://t.co/VuurWNRvvI https://t.co/NzqrkW7u8k,"Bali, Indonesia"
141,Lintas_MNCTV,"Sandiaga Uno Ajak Santri Ciptakan Konten Kreatif Bernuansa Islami

https://t.co/lOSFW699Oq",Indonesia
142,Akubknultramen,"Sandiaga Uno Mau Ketemu Empat Mata Bareng Prabowo, Bahas Apa? - SINDOnews Nasional https://t.co/UDJ4uWMfcs #IndonesiaKuat #BangkitBersama",
143,WartaEkonomi,Sandiaga Uno Dorong Kabupaten Kuningan Kembangkan Produk Parekraf Berbasis Komunitas https://t.co/yu4BKHgifL,"Jakarta, Indonesia"
144,tpiboonggg,"Ajakan ia gaungkan terkait tudingan kecurangan pelaksanaan Pemilu 2019. Karena tudingan itu ia menyerukan kepada pendukung paslon 02 dalam Pilpres 2019 Prabowo Subianto-Sandiaga Uno untuk tidak membayar pajak. #PajakUntukRakyat 

https://t.co/7JSrRlpZ5T",Cangtip tapi boong
145,kabarlhk,"Ada Edukasi Satwa Hingga Agrowisata, Memparekraf Sandiaga Uno Apresiasi Konsep Wisata J&amp;amp;J Kuningan https://t.co/Oup2O2f4rl",Indonesia
146,akufelfel,"Ajakan ia gaungkan terkait tudingan kecurangan pelaksanaan Pemilu 2019. Karena tudingan itu ia menyerukan kepada pendukung paslon 02 dalam Pilpres 2019 Prabowo Subianto-Sandiaga Uno untuk tidak membayar pajak. #PajakUntukRakyat 

https://t.co/1f2ZOAZz3z","DKI Jakarta, Indonesia"
147,viavianiii,"Ajakan ia gaungkan terkait tudingan kecurangan pelaksanaan Pemilu 2019. Karena tudingan itu ia menyerukan kepada pendukung paslon 02 dalam Pilpres 2019 Prabowo Subianto-Sandiaga Uno untuk tidak membayar pajak. #PajakUntukRakyat 

https://t.co/C9oSsNcz5s","DKI Jakarta, Indonesia"
148,Disuruh_Iben,Sandiaga Uno Berkomunikasi dengan Prabowo Subianto Sebelum ke Partai Lain? - https://t.co/zTqBOYvfCy https://t.co/s6nujiqyyV #IndonesiaKuat #BangkitBersama,Pulau Impian
149,canputtt,"Ajakan ia gaungkan terkait tudingan kecurangan pelaksanaan Pemilu 2019. Karena tudingan itu ia menyerukan kepada pendukung paslon 02 dalam Pilpres 2019 Prabowo Subianto-Sandiaga Uno untuk tidak membayar pajak. #PajakUntukRakyat 

https://t.co/UhBSnXIF3I","DKI Jakarta, Indonesia"
150,jpnncom,"Terinspirasi Sandiaga Uno, YPIJ Adakan Pelatihan Wirausaha untuk Warga Temanggung #sandiagauno https://t.co/MUWR6kBZQL",Indonesia
151,ulmi_ar,"Ude eh. Anti mager lagi hari sabtu ini bersama pak sandiaga Uno. Tidak tau happynya di mana. Lebih nyaman nyanyi lagu kahitna di kamar, lihat langit. Daripada keluar rumah.","Makassar, Sulawesi Selatan"
152,ANTARABengkulu,Sandiaga Uno gunakan kereta panoramic untuk kunjungan kerja - ANTARA News Bengkulu https://t.co/t7I2SAsEHF,
153,AyuPenari,Sandiaga Uno Apresiasi Tour de Linggajati sebagai Atraksi Wisata Skala Internasional https://t.co/V40Y1CuqKI #Kuningan #Ciayumajakuning,"Semanu, Indonesia"
154,officialntv_,"Sandiaga Uno Gunakan Kereta Panoramic untuk Kunjungan Kerja

https://t.co/liELRtnCJY

#menparekaf #sandiagauno #kereta #keretapanoramic #panoramic #kunker #cirebon #kuningan #wisata",Jakarta Pusat
155,TempoeDoeloee,"Karena tudingan itu ia menyerukan kepada pendukung paslon 02 dalam Pilpres 2019 Prabowo Subianto-Sandiaga Uno untuk tidak membayar pajak. #PajakUntukRakyat
https://t.co/CDsXTsHUT1",
156,Anak_Senja90,"Karena tudingan itu ia menyerukan kepada pendukung paslon 02 dalam Pilpres 2019 Prabowo Subianto-Sandiaga Uno untuk tidak membayar pajak. #PajakUntukRakyat
https://t.co/xl5nyHZIk1","Denpasar Selatan, Indonesia"
157,jpnncom,"Kunjungan Kerja ke Jawa Barat Naik Kereta Panoramic, Sandiaga Uno: Luar Biasa #SandiagaUno https://t.co/PXC1ruNyL9",Indonesia
158,vabinho_28,"Karena tudingan itu ia menyerukan kepada pendukung paslon 02 dalam Pilpres 2019 Prabowo Subianto-Sandiaga Uno untuk tidak membayar pajak. #PajakUntukRakyat
https://t.co/112tmSIvdy",
159,adrvised,"Karena tudingan itu ia menyerukan kepada pendukung paslon 02 dalam Pilpres 2019 Prabowo Subianto-Sandiaga Uno untuk tidak membayar pajak. #PajakUntukRakyat
https://t.co/VnTR1XFTYW",
160,detik_jabar,"""Kita mengumpulkan generasi muda dan generasi Z yang menjadi pemimpin masa depan dengan memberikan pelatihan sosial media digital marketing, termasuk bagaimana menciptakan konten untuk membantu penjualan produk UMKM,"" kata Sandiaga Uno.
https://t.co/lMmf73WJ3p",
161,XinwenMetroTV,"Menparekraf Sandiaga Uno menanggapi pernyataan warganet tentang mobil Jeep Rubicon yang dikendarai Mario Dandy di area sabana Taman Nasional Bromo Tengger Semeru, Jawa Timur, yang terlarang untuk mobil pribadi. Sandi berharap kejadian serupa tidak terulang di masa mendatang. https://t.co/WfFpWh70Sf",
162,kumparan,Sandiaga Uno memberikan motivasi dan kisi-kisi sukses di masa mendatang dan peningkatan media digitalisasi kepada para milenial. https://t.co/uVB5XGIJPC,
163,wartapesona,Sandiaga Uno :Pariwisata Menggeliat dan Ekonomi Bangkit di Balige dengan Penuhnya Penginapan https://t.co/9FhUlWyelz,Indonesia
164,fajaronline,Sandiaga: Pak Prabowo Tidak Galak dan Angker https://t.co/i9Qm4g8zTO #Gerindra #prabowo #SandiagaUno,"Jakarta, Indonesia"
165,tribunnewswiki,"Kelakuan Mario POSE DI ATAS RUBICON Masuk di Kawasan Wisata Bromo, Sandiaga Uno Beri Angkat Bicara #mariodandy #rubicon #sandiagauno #beritaViral https://t.co/ykviE6OJAm",Indonesia
166,pak_uno,@kochengfs pagi-pagi dibikin melow. semoga bahagia disana ya heru,"Yogyakarta, Indonesia"
167,OkeBaliNews,"Kunjungan Kerja ke Jawa Barat, Sandiaga Uno Naik Kereta Panoramic KAI Wisata - https://t.co/31TTBja1dy https://t.co/j0R69m6z5B","Bali, Indonesia"
168,SejarahLokal,"Surga Tersembunyi di Kabupaten Kuningan yang Bikin Sandiaga Uno Terpukau! Kemenparekraf Bahkan Siap Mengawal 
 https://t.co/4OXGq5QknC",
169,AyuPenari,Sandiaga Uno: Nasi Jamblang Kuliner Khas Cirebon Favorit Wisatawan https://t.co/d4aU5uBrQf #NasiJamblang #Ciayumajakuning,"Semanu, Indonesia"
170,AyuPenari,Sandiaga Uno: 60 Persen Penjualan Meningkat Karena Konten Kreatif https://t.co/wc0iR7g9Th #KontenKreatif #Ciayumajakuning,"Semanu, Indonesia"
171,AyuPenari,Sandiaga Uno Expose Potensi Wisata Kuningan di Cilimus https://t.co/YJSPs30MQT #Kuningan #Ciayumajakuning,"Semanu, Indonesia"
172,AldiNeno,""" @ridwankamil dan Sandiaga Uno tetap paling banyak dipilih responden sebagai wapres jika pilpres dilaksanakan saat ini. Sebanyak 21,8% responden menyatakan Ridwan Kamil sebagai sosok yang paling tepat untuk menjadi wapres RI mendatang https://t.co/QxT32ZZQlh","Ujungberung, Indonesia"
173,wartapesona,Sandiaga Uno:Kemudahan dalam Perizinan Acara Dapat Menciptakan Gerakan Ekonomi hingga Rp170 Triliun https://t.co/DkAl9KsbXC,Indonesia
174,cinggaro,"salah tong, jika anies berpasangan dengan sandiaga uno menang koq, tapi bayar utang duluuu...

sanggup?

😁

https://t.co/tlLSw1odfI https://t.co/ewpAybNzsD",jakarta selatan
175,razhgii,wtf sandiaga uno di depan alpus ngapain co,deket
176,Bobbykurnia1a,""" @ridwankamil dan Sandiaga Uno tetap paling banyak dipilih responden sebagai wapres jika pilpres dilaksanakan saat ini. Sebanyak 21,8% responden menyatakan Ridwan Kamil sebagai sosok yang paling tepat untuk menjadi wapres RI mendatang https://t.co/LbEinm6JcL","Semarang Barat, Indonesia"
177,rctvcirebon,"Menteri Pariwisata dan Ekonomi Kreatif Sandiaga Uno, mendorong peningkatan investasi di kabupaten kota, yang berpotensi di sektor... - https://t.co/YfB2umATOI https://t.co/BK6AluZKZs",Cirebon - Indonesia
178,Disuruh_Iben,"Bersama Puan dan Sandiaga Uno, Prabowo Subianto Melayat ke Rumah Duka Ayahanda Kepala BIN Budi Gunawan - RMOL https://t.co/QtsLcxBM1X #IndonesiaKuat #BangkitBersama",Pulau Impian
179,kabarlhk,"Selain Pesona Alam, Menparekraf Sandiaga Uno Sebut Kuningan sebagai Kota Sejuta Rasa, Apa Maksudnya? https://t.co/z1JESK2n2a",Indonesia
180,papaAntar,"#infoWisata Rubicon Mario Dandy Masuk Kawasan Bromo, Begini Reaksi Sandiaga Uno https://t.co/OY1Ggl3cC6",Indonesia
181,Didi_margo,@republikaonline Sandiaga Uno -Eroc Thohir,
182,AlbertSolo2,"Mantan wakil gubernur DKI Jakarta yang kini Menteri pariwisata dan ekonomi kreatif,Sandiaga Uno menyebut ada beberapa tempat wisata di Jakarta timur dan Jakarta barat yang terendam banjir,seperti TMII dan kebun binatang Ragunan.Sandiaga Uno menyebut,banjir kali ini yang terparah.","Surakarta, Jawa Tengah"
183,KomangOkoBerata,"@satriohendri Untuk menghindari jangan sampai Anies jadi presiden bro, bakal habis APBN buat bayar hutang ke Sandiaga Uno.","Clovis, CA"
184,itsreivo,@BadmintonTalk @ainurohman Apa perlu ini PBSI D pegang sama Sandiaga Uno aja. Yg pikirannya lebih maju,"Sumatera Selatan, Indonesia"
185,detik_jabar,"Diisukan Jadi Cawapres, Sandiaga Uno Masih Fokus Kerja https://t.co/zRsKAgdVlo",
186,pengangguranan,"@operatorgalang1 @LoveOfSpeechz @CNNIndonesia Ouh begitu. Kalo begitu tidak menutup kemungkinan pejabat lain juga money laundering dong? Seperti sandiaga uno, erick thohir, ataupun bu susi yg dulu sempet menjabat. Karena mereka juga punya usaha. Tapi mengapa tidak ramai dugaan money laundering ya?",
187,reyagasi,"@baby__starcandy @macchiaoto @tanyarlfes serius kak gak kenal wishnutama?? net tv d tinggal dia krn d tunjuk jadi menteri pariwisata, tapi blm ada 2 tahun udah d reshuffel jokowi krn gak ada kemajuan n d ganti sama sandiaga uno..",Di hati mu
188,Faktorutama,"Gandeng Merry Riana Tingkatkan Kapasitas SDM, Menparekraf Sandiaga Uno: Katalisator Pemulihan Ekonomi Indonesia - https://t.co/HFOoK0T8Pg",
189,seatodaynews,"Tourism and Creative Economy Minister Sandiaga Uno stated on Sunday (2/26) that the economic impact of the F1 PowerBoat held in Lake Toba could reach an estimated IDR300 billion.

#SEAToday #SEATodayNews #LakeToba #Toba #DanauToba #WonderfulIndonesia #F1PowerBoat #F1H2O https://t.co/yAMVHWsqWW",Indonesia
190,SalfianPiliang,"Moto GP 
Anies Baswedan
Islam
Liburan
Danau Toba
F1
Presiden
Prabowo 
Sandiaga Uno
David
Lemon 
Agnes https://t.co/mjWGa8WTsZ",
191,SalfianPiliang,"Moto GP 
Anies Baswedan
Islam
Liburan
Danau Toba
F1
Presiden
Prabowo 
Sandiaga Uno
David
Lemon 
Agnes https://t.co/SpWfH15Kjy",
192,SalfianPiliang,"Moto GP 
Anies Baswedan
Islam
Liburan
Danau Toba
F1
Presiden
Prabowo 
Sandiaga Uno
David
Lemon 
Agnes https://t.co/B3umwwLJVC",
193,SalfianPiliang,"Moto GP 
Anies Baswedan
Islam
Liburan
Danau Toba
F1
Presiden
Prabowo 
Sandiaga Uno
David
Lemon 
Agnes https://t.co/ULFpPNc8WX",
194,GTVID_News,"Sandiaga Uno Apresiasi Masyarakat Sumut Terkait F1 PowerBoat: Kita akan Terus Menarik Event Berskala Internasional

https://t.co/484wmLvHp9","Jakarta, Indonesia"
195,okezonenews,Sandiaga Uno Sebut Kemudahan Izin Event Bisa Ciptakan Pergerakan Ekonomi hingga Rp170 Triliun    #LengkapCepatBeritanya #Keuangan #Ekonomi #Ekonomi #EkonomiIndonesia . https://t.co/H4aDm7FbhB,Jakarta
196,moneydotid,Sandiaga Uno Jengkel Mario Dandy dan Rubiconnya Masuk Area Terlarang Kawasan Bromo https://t.co/Ie02e8BcXT,Jakarta Capital Region
197,otonomicoid,Sandiaga Uno Jengkel Mario Dandy dan Rubiconnya Masuk Area Terlarang Kawasan Bromo https://t.co/foo2CRZwJ7,Jakarta Capital Region
198,KompasEkonomi,"Dipakai Billie Eilish, Sandiaga Uno Mau Bantu Daftarkan HKI Merek Fesyen Dressedlikeparents https://t.co/zlDQ7zp3qu",Indonesia
199,newscast_id,Sandiaga Uno Jengkel Mario Dandy dan Rubiconnya Masuk Area Terlarang Kawasan Bromo https://t.co/p9Qti4XfEv,Indonesia
200,soleilessera,"@tanyakanrl unknown numb, tiba-tiba P nanyain sandi, sandi apaan sandi otot, sandiaga uno https://t.co/IWem1jjqhb",
201,RafiGates,"Rubicon Mario Dandy yang masuk kawasan Bromo, Sandiaga Uno larang keras kendaraan pribadi masuk sabana Bromo, @GunRomli: Duit bapaknya yang sakti. https://t.co/ziIvenVS6i","Yogyakarta, Indonesia"
202,warna_nusa,"Rubicon Mario Dandy di Bromo, Sandiaga Uno Larang Keras Masuk Sabana, Guntur Romli: Duit Bapaknya yang Sakti https://t.co/8KqdTwesmn",Jl. Sumatera 118-120 Jember
203,yosephrosario_,Namun sayang usahanya masih gagal dan ia melanjutkan lagi tekadnya untuk menjadi calon presiden pada Pilpres 2019 dengan calon wakil presiden yang mendampinginya yaitu Sandiaga Uno.,
204,Delon_Mask,"""Ridwan Kamil dan Sandiaga Uno tetap paling banyak dipilih responden sebagai wapres jika pilpres dilaksanakan saat ini. Sebanyak 21,8% responden menyatakan Ridwan Kamil sebagai sosok yang paling tepat untuk menjadi wapres RI mendatang",
205,Delon_Mask,"Indonesia Polling Stations (IPS) juga merilis hasil survei tokoh yang masuk bursa cawapres 2024. Gubernur Jawa Barat Ridwan Kamil, Menparekraf Sandiaga Uno, dan Menteri BUMN Erick Thohir menempati posisi 3 besar di survei ini.
 https://t.co/eS7MzALnI7",
206,orbittweet_id,"Sandiaga Uno Berencana Beri Modal Hotel Nonbintang, PHRI Bali: Terima Kasih https://t.co/gFl6zWcMH5 
@sandiuno 
@Kemenparekraf",Jakarta
207,FathanArayuga,"Berdasarkan hasil survei Sandiaga Uno sebanyak 31,50 persen responden, berturut-turut setelahnya RK 21,80 persen persen, AHY 13,10 persen, Erick Tohir 11,70 persen, Khofifah 4 persen, Muhaimin Iskandar 2,80 persen dan Airlangga Hartarto 2,50 persen. #BersamaJuara Ridwan Kamil",
208,fanie_cella,"Berdasarkan hasil survei Sandiaga Uno sebanyak 31,50 persen responden, berturut-turut setelahnya RK 21,80 persen persen, AHY 13,10 persen, Erick Tohir 11,70 persen, Khofifah 4 persen, Muhaimin Iskandar 2,80 persen dan Airlangga Hartarto 2,50 persen. #BersamaJuara Ridwan Kamil","Villa Tomang Baru, Tangerang"
209,Fanshurii,"Berdasarkan hasil survei Sandiaga Uno sebanyak 31,50 persen responden, berturut-turut setelahnya RK 21,80 persen persen, AHY 13,10 persen, Erick Tohir 11,70 persen, Khofifah 4 persen, Muhaimin Iskandar 2,80 persen dan Airlangga Hartarto 2,50 persen. #BersamaJuara Ridwan Kamil",Melaka
210,BudiHer98,"Berdasarkan hasil survei Sandiaga Uno sebanyak 31,50 persen responden, berturut-turut setelahnya RK 21,80 persen persen, AHY 13,10 persen, Erick Tohir 11,70 persen, Khofifah 4 persen, Muhaimin Iskandar 2,80 persen dan Airlangga Hartarto 2,50 persen. #BersamaJuara Ridwan Kamil",Indonesia
211,BudiHer98,"Survei PUTIN: Sandiaga Uno, Ridwan Kamil dan AHY Cawapres Favorit di Jambi https://t.co/9ZdUHJhjSQ
#BersamaJuara",Indonesia
212,aulia_victiria,AAAA KETEMU PA SANDIAGA UNO https://t.co/0nZWHJnTdq,
213,Arzifa_Official,"Ajaibnya Mario Dandy, Rubiconnya Bisa Masuk Area Terlarang Wisata Bromo, Sandiaga Uno: Patuhi Aturan https://t.co/927u0djhxR",
214,chatnews_id,Sandiaga Uno Pastikan Izin Gelaran Event Dipermudah https://t.co/vne4KTZ6X3,Indonesia
215,detikcom,"Median merilis hasil survei elektabilitas cawapres 2024 via media sosial. Hasilnya, Ridwan Kamil menempati posisi teratas, disusul AHY dan Sandiaga Uno. https://t.co/zjrdofnW8m","Jakarta, Indonesia"
216,BaturMbaWulan,"Pada 28 Februari 2023, BMW (Batur Mba Wulan) bergandengen dengan HR Academy hadir di acara UMKM EXPO yang diselenggarakan di Grage City Mall, Cirebon. BMW hadir dalam pameran UMKM EXPO yang dihadiri oleh Mas Menteri Sandiaga Uno. Yang ada di lokasi, jangan lupa mampir ya! https://t.co/BHIYsxroBK","Kota Cirebon, Jawa Barat"
217,tribunmedan,"Sandiaga Uno Optimis Perhelatan F1H20 Berikan Kebangkitan Ekonomi Pariwisata Danau Toba
 
https://t.co/hn9Pv1H3pQ via @tribunmedan","Medan, Indonesia"
218,aderahmafitria1,"Berdasarkan hasil survei Sandiaga Uno sebanyak 31,50 persen responden, berturut-turut setelahnya RK 21,80 persen persen, AHY 13,10 persen, Erick Tohir 11,70 persen, Khofifah 4 persen, Muhaimin Iskandar 2,80 persen dan Airlangga Hartarto 2,50 persen. #BersamaJuara Ridwan Kamil",indonesia
219,aderahmafitria1,"Survei PUTIN: Sandiaga Uno, Ridwan Kamil dan AHY Cawapres Favorit di Jambi https://t.co/Ya8PfsQGgg
#BersamaJuara",indonesia
220,kuninganreligi,Menparekraf Sandiaga Uno: Kuningan Punya Banyak Potensi Pariwisata untuk Dikembangkan https://t.co/VHtzZA11kp https://t.co/vHhzMEfQ2H,
221,idx_channel,"Rubicon Mario Dandy masuk Sabana Gunung Bromo, Sandiaga Uno bilang begini https://t.co/142K7WgpvM",Jakarta Capital Region
222,RadioSmartFM,"Menparekraf Sandiaga Uno mengatakan, penyelenggara dan pegiat event bakal dapat angin segar dengan kemudahan mengurus izin penyelenggaraan acara.

Penyelenggara dan pegiat event ini mencakup kegiatan ekonomi kreatif, musik, film, seni budaya, dan olahraga.

#SmartNews @kompascom https://t.co/u8UgqdtMgF",Jl. Kebahagiaan No.4-14Jakarta
223,Sobat_Juara,"""Ridwan Kamil dan Sandiaga Uno tetap paling banyak dipilih responden sebagai wapres jika pilpres dilaksanakan saat ini. Sebanyak 21,8% responden menyatakan Ridwan Kamil sebagai sosok yang paling tepat untuk menjadi wapres RI mendatang","Jawa Barat, Indonesia"
224,Sobat_Juara,"Indonesia Polling Stations (IPS) juga merilis hasil survei tokoh yang masuk bursa cawapres 2024. Gubernur Jawa Barat Ridwan Kamil, Menparekraf Sandiaga Uno, dan Menteri BUMN Erick Thohir menempati posisi 3 besar di survei ini.
https://t.co/si7xih8Hy4","Jawa Barat, Indonesia"
225,Indonesiaalyoum,"Ridwan Kamil @ridwankamil , Sandiaga Uno @sandiuno , And Erick Thohir @erickthohir  Are The Top Three Candidates For Vice President According To IPS

https://t.co/ZjcR3vqjIN","Jakarta, Indonesia"
226,politikngaji2,"Erick Thohir 4,2%
Sandiaga Uno 2,7%
Airlangga Hartarto 2,6%
Puan Maharani 2,2%
Muhaimin Iskandar 0,9%
Belum punya pilihan 0,7%",
227,davidadi,"Pengguna M-Banking BCA yang lagi ngeluh error, ada baiknya download myBCA. UI dan UX nya lebih baik walaupun masih belum terbiasa memakainya.",
228,autokrat_not,"Erick Thohir 4,2%
Sandiaga Uno 2,7%
Airlangga Hartarto 2,6%
Puan Maharani 2,2%
Muhaimin Iskandar 0,9%
Belum punya pilihan 0,7%",
229,DKliktivisme,"Erick Thohir 4,2%
Sandiaga Uno 2,7%
Airlangga Hartarto 2,6%
Puan Maharani 2,2%
Muhaimin Iskandar 0,9%
Belum punya pilihan 0,7%",
230,erwin_purnawan,@BANGSAygSUJUD @prabowo @jokowi @Gerindra @azissubekti @Dahnilanzar @bengkeldodo @are_inismyname @florieliciouss @Kosim__ @emhamka08 @NgkongRoses @KritikusR Beliau Pak Prabowo dan Pak Sandiaga Uno adalah King Maker ditubuh Gerindra (sejarah in-depth politik tanah air mencatat itu).,
231,Ayu716858493,"Berikut data lengkap elektabilitas capres 2024 versi IPS:

Prabowo Subianto 33,2%
Ganjar Pranowo 22,1%
Anies Baswedan 20,9%
Ridwan Kamil 6,2%
Agus Harimurti Yudhoyono 4,3%
Erick Thohir 4,2%
Sandiaga Uno 2,7%
Airlangga Hartarto 2,6%
Puan Maharani 2,2%
Muhaimin Iskandar 0,9%",
232,SeputariNews,"Tingkatkan Kriya Kabupaten Toba, Sandiaga Uno: Kita Wujudkan Target 4,4 Juta Lapangan Kerja

https://t.co/DROfQtedIY",MNC News Center Lt.11 Jakarta
233,SeputariNews,"F1 Powerboat 2023 Indonesia Berjalan Lancar, Sandiaga Uno Sebut Danau Toba Siap Jadi Lokasi Event Internasional Lainnya

https://t.co/GD2jc0lrqH",MNC News Center Lt.11 Jakarta
234,indeks_politika,"Erick Thohir 4,2%
Sandiaga Uno 2,7%
Airlangga Hartarto 2,6%
Puan Maharani 2,2%
Muhaimin Iskandar 0,9%
Belum punya pilihan 0,7%",
235,Bisniscom,"Menparekraf Sandiaga Uno menyebut kemudahan perizinan event potensial seperti konser musik, bisa menciptakan pergerakan ekonomi hingga Rp170 triliun. https://t.co/qwZmHn4n85","Jakarta, Indonesia"
236,detikcom,"Ridwan Kamil, Sandiaga Uno, dan Erick Thohir menempati posisi tiga besar di survei cawapres versi IPS. Begini elektabilitasnya.  https://t.co/rAx5eTDTzX","Jakarta, Indonesia"
237,OkeBaliNews,Sandiaga uno Kemudahan Izin Event Potensial Ciptakan Pergerakan Ekonomi Hingga Rp170 Triliun - https://t.co/RIfasdOAOg https://t.co/65ZlDeaO7B,"Bali, Indonesia"
238,Ayunisa0055,"@nikenulfa11 Memang itu berdasar, karena sebelumnya Anies ada kontrak utang jabatan politik dengan Sandiaga Uno, kmngkinan itu akan terulang dengan FPI maupun HTI https://t.co/VoVWl1bG8C",
239,Ayunisa0055,"Pernah melakukan kontrak utang jabatan politik dengan Sandiaga Uno, sekarang kayaknya bisa ditebak apa kesepakatan Anies ke HTI dan FPI https://t.co/3trJyOcOjg",
240,tempodotco,Sandiaga Uno: Penonton WSBK Mandalika Ditargetkan Naik 30 Persen https://t.co/SMj1VhmVC7 #TempoOtomotif,Indonesia
241,detikcom,"Menkomarves Luhut meminta para investor untuk dapat membangun hotel di kawasan Danau Toba. Syaratnya, hotel itu bukan hotel bintang tiga. Begini tanggapan Sandiaga Uno terkait hal tersebut. https://t.co/lBTQS6Bdkt","Jakarta, Indonesia"
242,kba_news,HallOfHoaks: Rumah Anies Digeruduk Pendukung Sandiaga Uno Hoaks https://t.co/diVbDKaxUt,
243,blankbanget,"@ekowboy2 Yang diungkap oleh sandiaga uno tentang 50 M, benar ko?","Jawa Tengah, Indonesia"
244,AsosiasiVendor,"""Sandiaga Uno Dorong UMKM Bikin E-Katalog Pasarkan Produk Dalam Negeri""

Menteri Pariwisata dan Ekonomi Kreatif (Menkoparekraf) Sandiaga Uno mendorong para pelaku usaha kecil dan menengah (UMKM) agar segera mendaftarkan produknya ke e-katalog milik pemerintah. https://t.co/jr8AQ0lp8l",jakarta
245,sonora_bandung,"Sandiaga Singgung Foto Rubicon Mario Dandy Masuk Area Terlarang Wisata Bromo #sandiagauno #menparekraf #kemenparekraf #sonar #sonora #sonorabandung 

Klik untuk baca: https://t.co/gcqtwH6E9F",Jl. LL. RE. Martadinata No. 46
246,KompasTV,"Elektabilitas Sandiaga Uno Teratas, Gerindra: Sosok Cawapres Terkuat Prabowo Tentu Cak Imin https://t.co/je6E0WK4ve",Indonesia
247,moeslim_choice,"Untuk itu, Menteri Pariwisata dan Ekonomi Kreatif (Menparekraf) Sandiaga Uno mendorong pelaku UMKM di wilayah setempat agar meningkatkan kualitas produknya dengan memperkuat inovasi, adaptasi, dan kolaborasi.​​​​

https://t.co/Cac6rNzHxm","Jakarta, Indonesia"
248,OkeBaliNews,"Sandiaga Uno Apresiasi Gim Lokal ""A Space for The Unbound"" Raih Perhatian Internasional - https://t.co/o9cVKABhS7 https://t.co/9pVODbzKXC","Bali, Indonesia"
249,AuntyNovi1978,"@Chaves1305 Kesimpulannya para pendukung Yohanes Anies Baswedan itu inginnya Prabowo dan Sandiaga Uno mendukung Yohanes Anies Baswedan  supaya mereka tidak pusing² dalam pendanaan kampanye, mereka hanya mengincar duit Prabowo dan Sandiaga doang, sudah terbukti di tahun 2019.",Jakarta 🇮🇩🇮🇩
250,kompascom,"Sandiaga Uno menanggapi foto anak pejabat yang memamerkan mobil Jeep Rubicon di kawasan Bromo Tengger Semeru.

""Saya ingin mengingatkan bahwa kita mematuhi peraturan. Jangan sampai kita merusak daya tarik wisata kita,” ujarnya. &lt; #Money #SandiagaUno
https://t.co/2PPZpXspgT",Jakarta
251,Bimantara040,"@ch_chotimah2 @aniesbaswedan Memang benar, sandiaga uno ini gk bisa bekerja memimpin jkrt 😅😆😁",
252,indozonemedia,"Sandiaga Uno Singgung Rubicon Mario Dandy Masuk Kawasan Terlarang Gunung Bromo
#MarioDandySatriyo #RubiconMarioJadiSorotan #AdaApaHariIni 
https://t.co/aZqwdVFDeX",Jakarta
253,kab_dairi,"Pertemuan Bupati Dairi Eddy Berutu dan Menparekraf Sandiaga Uno. Melihat hal tersebut, Sandiaga Uno mengapresiasi Kabupaten Dairi yang telah berpartisipasi dalam ajang internasional F1H2O.

#DairiUnggul #Agriunggul #SigapMembangunNegeri https://t.co/0iBv0RE3a8",
254,medan_asyik123,"Pagelaran F1 Powerboat Danau Toba usai, Sandiaga Uno sebut segini dampak ekonomi di wilayah Balige  https://t.co/i29oqPo6bm","Medan Kota, Indonesia"
255,TRIBUNTravel,"Apresiasi F1 PowerBoat, Sandiaga Uno: Danau Toba Makin Dikenal Dunia
 
https://t.co/Zvs0JVQasD via @TribunTravel","Jakarta, Indonesia"
256,dindingkabah,Mardiono Bicara Kans Sandiaga Uno Gabung PPP https://t.co/zgMaZMEYNG,"DKI Jakarta, Indonesia"
257,beritaekonomi24,Luhut Bans 3-Star Hotel Project in Lake Toba; Sandiaga Uno Explains https://t.co/QXm1kg6VUA,
258,tempo_english,Luhut Bans 3-Star Hotel Project in Lake Toba; Sandiaga Uno Explains https://t.co/Strmlp9CVF #TempoEnglish,"Jakarta, Indonesia"
259,kristariyanto68,Sandiaga Uno Rayu Asosiasi Negara Arab Investasi di Destinsi Wisata Danau Toba Lewat Diplomasi Kuliner https://t.co/4ypCWFTmDs,
260,detik_sulsel,Relawan Sandiaga Uno Gelar Senam Bersama Pelaku Ekraf di Makassar https://t.co/OicUW0JmW2,
261,Bisniscom,"Menparekraf Sandiaga Uno, menargetka kunjungan wisatawan yang menonton ajang balap World Superbike (WSBK) 2023 meningkat 20-30 persen. https://t.co/jVgQh84H3y","Jakarta, Indonesia"
262,kuninganreligi,"Hari Ini, Mas Menteri Sandiaga Uno Kunjungi 4 Tempat di Kuningan Jawa Barat https://t.co/YWoPOJKH0x https://t.co/laCmWEiu8O",
263,AbetPeler,Momen Seru Sandiaga Uno Coba Naik Powerboat | Kabar Hari Ini tvOne https://t.co/u52XZyOuYx via @YouTube,bandung
264,dfsilalahi,"Minister for State Secretary Pratikno, Minister for Law and Human Rights Yasonna Laoly, Minister for Tourism and Creative Economy Sandiaga Uno, TNI Commander Admiral Yudo Margono, National Police Chief Gen. Listyo Sigit Prabowo, Governor of North Sumatra Edy Rahmayadi,",
265,jpnncom,Sandiaga Uno Yakin Penonton WSBK 2023 di Mandalika Naik Signifikan #SandiagaUno https://t.co/e4fZCEV2oG,Indonesia
266,ElsaLestari271,"Rocky menjelaskan, semisal gagal menjadikan Anies pendamping, maka Prabowo akan mencoba menyeret Menparekraf Sandiaga Uno.

capres2024

pemilu2024

dekade08

terusmajubersamaprabowo

mendingprabowo

Mending Prabowo Aja",Jakarta
267,ferdiansamulya,"gara2 pak rafael jadi buka e-lhkpn, terus buka yg sandiaga uno, shit 10 T",
268,Indober2020,"Turut hadir menyaksikan gelaran F1H2O yaitu Ketua MPR Bambang Soesatyo, Menteri Koordinator Bidang Kemaritiman dan Investasi Luhut Binsar Pandjaitan, Menteri Sekretaris Negara Pratikno, Menteri Hukum dan HAM Yasonna Laoly, Menteri Pariwisata dan Ekonomi Kreatif Sandiaga Uno, https://t.co/H3c4mQCGy4",
269,antaranews,"“Bromo, Tengger, Semeru yang diunggulkan adalah pariwisata berbasis alam, saya ingatkan untuk patuhi peraturan jangan sampe rusak daya tarik wisata, saya sering dikirimi gambar atau mobil (melintasi) yang harusnya kawasan ini dijaga,” kata Sandiaga Uno.

https://t.co/ZGk3LRNmsj",NKRI
270,GerBangNKRI,"Turut pula hadir antara lain, Ketua MPR Bambang Soesatyo, Mensesneg Pratikno, Menteri Hukum dan HAM Yasonna Laoly, Menteri Pariwisata dan Ekonomi Kreatif Sandiaga Uno, Panglima TNI Laksamana Yudo Margono, Kapolri Jenderal Listyo Sigit Prabowo, dan Gubernur Sumut Edy Rahmayadi. https://t.co/MWPGwfwmsa",Indonesia
271,OkeBaliNews,"Sandiaga Uno ""Kearifan Lokal Merupakan Pijakan Fundamental dalam Pengembangan Sektor Parekraf"" - https://t.co/7pP95AJcdG https://t.co/jkKLSbiyXq","Bali, Indonesia"
272,DipaDuaLima,"Sandiaga Uno: Kawasan Danau Toba Butuh Hotel Standar Internasional

 #Sindonews #BukanBeritaBiasa .https://t.co/fXdJPWAz9i","Magelang, Jawa Tengah"
273,SINDOnews,"Sandiaga Uno: Kawasan Danau Toba Butuh Hotel Standar Internasional

 #Sindonews #BukanBeritaBiasa .https://t.co/ElbD8hFcpn","Jakarta Pusat, DKI Jakarta"
274,tempodotco,"Luhut Melarang Pembangunan Hotel Bintang 3 di Danau Toba, Ini Penjelasan Sandiaga Uno https://t.co/GyKBlW2UKS #TempoBisnis",Indonesia
275,tempodotco,"Jokowi Minta Perizinan Kegiatan Besar Dipercepat, Sandiaga Uno: Nanti di Bawah Komando Luhut https://t.co/gcQny6F460 #TempoBisnis",Indonesia
276,KompasProperti,Pameran Arsitektur ARCH:ID 2023 Bakal Dibuka Sandiaga Uno https://t.co/sMtxlOpgm4,
277,okezonenews,"Tingkatkan Kriya Kabupaten Toba, Sandiaga Uno: Kita Wujudkan Target 4,4 Juta Lapangan Kerja #LengkapCepatBeritanya #Keuangan #Ekonomi #Ekonomi #EkonomiIndonesia . https://t.co/KmHXCVy9qQ",Jakarta
278,aardilles,brengsek jadi inget pak sandiaga uno https://t.co/nRRTsji5y1,
279,taesrice_,@moonareas sandiaga uno,same person with seanasn
280,mang_ib,"Menteri Koordinator Bidang Kemaritiman dan Investasi Luhut Binsar Pandjaitan, Menteri Sekretaris Negara Pratikno, Menteri Hukum dan HAM Yasonna Laoly, Menteri Pariwisata dan Ekonomi Kreatif Sandiaga Uno, Panglima TNI Laksamana Yudo Margono, https://t.co/HBqS0kmIFz","Cirebon Barat, Indonesia"
281,Disuruh_Iben,Prabowo Subianto:  Pilpres Pilih Anies atau Prabowo Subianto? Begini Jawaban Sandiaga Uno yang Mantap dan Tanpa Ragu - Ayo Jakarta - Ayo Jakarta https://t.co/0NznFxJHzn #IndonesiaKuat #BangkitBersama,Pulau Impian
282,jpnncom,Espas Sahabat Sandiaga Uno Ciptakan Peluang Usaha di Bengkulu #SandiagaUno https://t.co/7GC43FE2Fu,Indonesia
283,Ciamis_Mani5,"berdasarkan survei Populi Center yang digelar pada 25 Januari - 2 Februari 2023 lalu. 

Sebagai capres alternatif, elektabilitas Ridwan Kamil berada pada angka 22,7 persen. Jauh lebih unggul dari Sandiaga Uno di posisi kedua dengan elektabilitas 7,3 persen","Ciamis, Indonesia"
284,gadotaja,"Sandiaga Uno: Banyak Sekali yang Salah Paham soal Pak Prabowo
#PrabowoPemersatu #IkutPakde Prabowo Subianto https://t.co/3mLU4PRxgF","DKI Jakarta, Indonesia"
285,gadotaja,"Cerita Sandiaga Uno Hatinya Dibikin Tersentuh Prabowo: Tak Akan Saya Lupakan
#PrabowoPemersatu #IkutPakde Prabowo Subianto https://t.co/btN1VdIEOC","DKI Jakarta, Indonesia"
286,MojikenStudio,"LIVE NOW 🔴 Mojiken &amp; @togeproductions ngobrolin @ASFTUgame bareng Menteri @Kemenparekraf Mas Sandiaga Uno! 🇮🇩💕

▶ https://t.co/bAVSHpdfA2 https://t.co/8y5V7HCli0","Surabaya, Indonesia"
287,erick140451997,"Sandiaga Uno: Banyak Sekali yang Salah Paham soal Pak Prabowo
#PrabowoPemersatu #IkutPakde Prabowo Subianto https://t.co/Athp2vqbMP",
288,aoba_iku,@EremielV sandiaga uno,Milf's lap
289,PoetriRebec,"Di antara Capres alternatif lainnya yang dilakukan survey oleh Litbang Kompas, ada Wakil Ketua Dewan Pembina Gerindra, Sandiaga Uno. Mantan cawapres dari capres Prabowo Subianto pada Pilpres lalu tersebut, elektabilitasnya hanya 7,3 persen. #BersamaJuara Ridwan Kamil",
290,eranasionalcom,Sandiaga Uno dan Khofifah Jadi Kandidat Terkuat Cawapresnya Anies https://t.co/vFGAuq9kBf,"Jakarta Selatan, DKI Jakarta"
291,BimataIndonesia,"Ekonomi Bali Mulai Pulih, Sandiaga Uno Targetkan Pelaku UMKM Go Global https://t.co/ooU7QD73dx",Indonesia
292,Sobat_Juara,"berdasarkan survei Populi Center yang digelar pada 25 Januari - 2 Februari 2023 lalu. 

Sebagai capres alternatif, elektabilitas Ridwan Kamil berada pada angka 22,7 persen. Jauh lebih unggul dari Sandiaga Uno di posisi kedua dengan elektabilitas 7,3 persen","Jawa Barat, Indonesia"
293,astarte2017,"Turut hadir,Ketua MPR Bambang Soesatyo, Mensesneg Pratikno, Menkumham Yasonna Laoly, Menparekraf Sandiaga Uno, Panglima TNI Laksamana Yudo Margono, Kapolri Jenderal Listyo Sigit Prabowo, Gubernur Sumut Edy Rahmayadi. 

#IndonesiaMaju 
#Jokowi",Jakarta
294,harrispradana_,"Wakil Ketua Dewan Pembina Partai Gerindra, Sandiaga Uno, menghadiri rapat koordinasi daerah (rakorda) DPD Partai Gerinda Sulawesi Tenggara (Sultra)  #PrabowoPemersatu #IkutPakde Prabowo Subianto",
295,harrispradana_,"Ini suatu keberhasilan yang harus tetap dipertahankan pada Pemilu 2024,” kata Sandiaga Uno. #PrabowoPemersatu #IkutPakde Prabowo Subianto",
296,harrispradana_,Sandiaga Uno juga mengajak kemenangan Prabowo Subianto dalam Pemilu 2019 lalu terulang kembali di Sulawesi Tenggara. #PrabowoPemersatu #IkutPakde Prabowo Subianto,
297,harrispradana_,"Ketua Harian Partai Gerindra Sufmi Dasco Ahmad dan Wakil Ketua Dewan Pembina Partai Gerindra Sandiaga Uno hadiri Rapat Koordinasi Daerah (Rakorda) Partai Gerindra Sulawesi Tenggara (Sultra), Jumat (24/2). #PrabowoPemersatu #IkutPakde Prabowo Subianto",
298,harrispradana_,Sandiaga Uno Hadiri Rakorda Gerindra Sultra #PrabowoPemersatu #IkutPakde Prabowo Subianto https://t.co/0Or31T8fS5,
299,Citralokadwipa,"Turut hadir, Ketua MPR Bambang Soesatyo, Mensesneg Pratikno, Menteri Hukum dan HAM Yasonna Laoly, Menparekraf Sandiaga Uno, Panglima TNI Laksamana Yudo Margono, Kapolri Jenderal Listyo Sigit Prabowo, Gubernur Sumatra Utara Edy Rahmayadi.

#IndonesiaMaju 
#Jokowi",Jakarta
300,Sobat_Juara,"Berdasarkan hasil survei Sandiaga Uno dipilih oleh sebanyak 31,50 persen responden, berturut-turut setelahnya Ridwan Kamil 21,80 persen persen, AHY 13,10 persen, Erick Tohir 11,70 persen, Khofifah 4 persen, Muhaimin Iskandar 2,80 persen dan Airlangga Hartarto 2,50 persen.","Jawa Barat, Indonesia"
301,ekacahyaalfani2,"Survei PUTIN: Sandiaga Uno, Ridwan Kamil dan AHY Cawapres Favorit di Jambi
https://t.co/4YxiwnAkKB
#BersamaJuara",Tanggerang selatan
302,semarakredaksi,Borobudur Tak lagi Masuk 7 Keajaiban Dunia? Menparekraf Sandiaga Uno: Tiket Borobudur Rp100.000 untuk Turis Lokal https://t.co/0TkCa5RFUZ lewat @semarak.co,
303,Ninaang06470572,"DIBONGKAR Sandiaga Uno, Prabowo Subianto Ternyata Punya Sisi Lain: Lucu, Sangat Mirip Komika
https://t.co/hTR24pZv4r

#PrabowoPemersatu #IkutPakde",
304,okezonenews,"F1 Powerboat 2023 Indonesia Berjalan Lancar, Sandiaga Uno Sebut Danau Toba Siap Jadi Lokasi Event Internasional Lainnya

https://t.co/8IAnraS4vV",Jakarta
305,harrispradana_,"Wakil Ketua Dewan Pembina yang juga Menparekraf Sandiaga Uno, dan anggota DPR Dapil Banten yakni Martina dan Ali Zamroni. #PrabowoPemersatu #IkutPakde Prabowo Subianto",
306,albert94953186,Sandiaga Uno Hadiri Rakorda Gerindra Sultra #PrabowoPemersatu #IkutPakde Prabowo Subianto https://t.co/GYH4BLS6aH,
307,suaramerdeka,"Custom Outfit Buatan Bandung Gak Kaleng-kaleng Diminati Billie Eilish, Sandiaga Uno: Keren Banget Kan

https://t.co/1gpt9NbEdp

#billieeilish #dressedlikeparents #callistaaldenia #longsleeve #bandung #produklokal #gointernational #sandiagauno #menparekraf #banggaprodukdalamnegeri https://t.co/jH0LW5VkzW",indonesia
308,sobat_sandi,Baru saja mengirim foto https://t.co/nrFNlw1ITa,
309,frmnsyh55775493,"Sandiaga Uno: Banyak Sekali yang Salah Paham soal Pak Prabowo
#PrabowoPemersatu #IkutPakde Prabowo Subianto https://t.co/nfC1K6flxA",
310,rentmobiljogja_,"F1 Powerboat 2023 Indonesia Berjalan Lancar, Sandiaga Uno Sebut Danau Toba Siap Jadi Lokasi Event Internasional Lainnya https://t.co/gPWutCbKSI",Yogyakarta
311,rentmobiljogja_,"Kelar F1 Powerboat 2023 di Danau Toba, Sandiaga Uno Sebut Para Pembalap Bakal Liburan di Indonesia https://t.co/BeJyNOh0Tm",Yogyakarta
312,IdSinpo,Dasco dan Sandiaga Uno Kompak Hadiri Rakorda DPD Gerindra Sultra https://t.co/fRowNruqA8,
313,yosafathutagao2,"@sandiuno @jokowi yang paling sukses Di acara ini adalah Bapak Sandiaga uno
sbab beliau menciptakan hal yg dahsyat lewat iven, parawisata jadi bangkit
sukses buat Sandi uno",
314,pyylahh1,"Sandiaga Uno: Banyak Sekali yang Salah Paham soal Pak Prabowo
#PrabowoPemersatu #IkutPakde Prabowo Subianto https://t.co/h3qHKvhuFO",
315,pyylahh1,"Cerita Sandiaga Uno Hatinya Dibikin Tersentuh Prabowo: Tak Akan Saya Lupakan
#PrabowoPemersatu #IkutPakde Prabowo Subianto https://t.co/85QycXfjgK",
316,OkeBaliNews,"Sandiaga Uno Dorong Pelaku UMKM Balige Toba Tingkatkan Kualitas Lewat Inovasi, Adaptasi, dan Kolaborasi - https://t.co/udLSXm4Ooj https://t.co/jp3U4CP1pX","Bali, Indonesia"
317,fajaronline,Bukti Sandiaga Uno Bukan Kutu Loncat https://t.co/2J3yzNSt48 #Gerindra #SandiagaUno,"Jakarta, Indonesia"
318,nusabalicom,"Pemerintah menargetkan 4,4 juta lapangan kerja hingga tahun 2024 https://t.co/2iUgz1WF0i Untuk mencapainya, Menteri Pariwisata dan Ekonomi Kreatif (Menkraf) Sandiaga Uno mengajak pengusaha muda terlibat aktif membuka lowongan kerja (loker)","Denpasar, Bali"
319,genx36545403,"Mayoritas pemilih pasangan Prabowo-Sandiaga Uno pada kontestasi Pilpres 2019 kemarin, menyatakan akan mendukung kembali Prabowo Subianto 
sebagai calon presiden (Capres) di 2024 mendatang. 

#IndonesiaKuat 
#BangkitBersama","Setia Budi, Indonesia"
320,Disuruh_Iben,"Sandiaga Uno: Pak Prabowo Subianto bilang bercanda ""jangan provokasi"" - ANTARA Jawa Barat https://t.co/OLqw7aOm9C #IndonesiaKuat #BangkitBersama",Pulau Impian
321,BritCham_ID,"Tourism and Creative Economy Minister Sandiaga Uno has urged the younger generation to create jobs by launching enterprises to help meet the government’s target of creating 4.4 million jobs in the creative economy sector by 2024. 

https://t.co/dej6q2KWSX 

#britchamid","Jakarta, ID"
322,hypeabisid,"F1 Powerboat Angkat Pamor Danau Toba, Ini Kata Menparekraf Sandiaga Uno https://t.co/GevPQpMui0 https://t.co/42H0rnaYR7",Jakarta
323,mang_ib,"Ketua MPR Bambang Soesatyo, Menteri Sekretaris Negara Pratikno, Menteri Hukum dan HAM Yasonna Laoly, Menteri Pariwisata dan Ekonomi Kreatif Sandiaga Uno, Panglima TNI Laksamana Yudo Margono, Kapolri Jenderal Listyo Sigit Prabowo, dan Gubernur Sumatra Utara Edy Rahmayadi. https://t.co/tujv5fVqG2","Cirebon Barat, Indonesia"
324,makhluk_62,"@nusantara_one Ya silahkan klo mau ambil GP.
Prabowo - Puan lbih berpeluang utk d usung, drpd GP.
Sandiaga Uno - Erick Thohir itu lebih realistis.

PDIP itu partai solid, dri akar rumput smpe elit. Klo kata Bu Mega; Puan ya Puan!
Udh bener PSI deklarasi GP, stlah itu GP cabut, gabung PSI.",
325,jawapos,"Archipelago In The Land Of God-Simalungun, Sandiaga Uno akan Minta Luhut Gelar Even di Parapat https://t.co/q4irgdAP3P",Jakarta
326,OkeBaliNews,"Sandiaga Uno ""F1PowerBoat Buktikan Danau Toba Layak Jadi Lokasi Event Internasional"" - https://t.co/GVE9TWyBDG https://t.co/cISSpUvDPY","Bali, Indonesia"
327,arifstria4,"Sandiaga Uno menegaskan Partai Gerindra tidak akan pernah meninggalkan rakyat Indonesia.

@prabowo

capres2024

pemilu2024

dekade08

terusmajubersamaprabowo

mendingprabowo

Prabowo Semangatku",
328,JunayaTifany,"Sandiaga Uno menegaskan Partai Gerindra tidak akan pernah meninggalkan rakyat Indonesia.

@prabowo

capres2024

pemilu2024

dekade08

terusmajubersamaprabowo

mendingprabowo

Prabowo Semangatku",Bekasi
329,MuthiaRamdini3,"Sandiaga Uno menegaskan Partai Gerindra tidak akan pernah meninggalkan rakyat Indonesia.

@prabowo

capres2024

pemilu2024

dekade08

terusmajubersamaprabowo

mendingprabowo

Prabowo Semangatku",Bekasi
330,MadonaPrimadi,"Sandiaga Uno menegaskan Partai Gerindra tidak akan pernah meninggalkan rakyat Indonesia.

@prabowo

#capres2024

#pemilu2024

#dekade08

#terusmajubersamaprabowo

#mendingprabowo

Prabowo Semangatku",Jakartaa
331,Rabani90854768,"Sandiaga Uno menegaskan Partai Gerindra tidak akan pernah meninggalkan rakyat Indonesia.

@prabowo

#capres2024

#pemilu2024

#dekade08

#terusmajubersamaprabowo

#mendingprabowo

Prabowo Semangatku",
332,Kristianto_SN,"3. Coba yuk kita bahas satu per satu pasangan Capres &amp; Cawapres hasil surpay, (a) Ganjar &amp; Sandiaga Uno, Koalisi PDIP dan Gerindra?💆😵‍💫
(b) Anies dan AHY, koalisi Nasdem &amp; Demokrat? Nehiihe tanpa PKS!😪😁 https://t.co/GziEPbCPTx",Bakti Jaya
333,21BeritaTerkini,"Hitung Dampak Ajang F1 Powerboat ke Sektor UMKM, Sandiaga Uno Terjunkan Tim https://t.co/CI6aIag0UE",
334,tempodotco,"Hitung Dampak Ajang F1 Powerboat ke Sektor UMKM, Sandiaga Uno Terjunkan Tim https://t.co/lYavWRXiRM #TempoBisnis",Indonesia
335,Ini_ajunk,"Ditaksir PPP untuk Pilpres 2024, Sandiaga Uno: Minta Arahan Pak Prabowo Subianto Dulu - https://t.co/M6omWrVHxo https://t.co/26zXkCX6bi #IndonesiaKuat #BangkitBersama",jakarta
336,Disuruh_Iben,"Ditaksir PPP untuk Pilpres 2024, Sandiaga Uno: Minta Arahan Pak Prabowo Subianto Dulu - https://t.co/UV4okWi2Dn https://t.co/opxD60CMoj #IndonesiaKuat #BangkitBersama",Pulau Impian
337,GhafarRakha,"Sandiaga Uno menegaskan Partai Gerindra tidak akan pernah meninggalkan rakyat Indonesia.

capres2024

pemilu2024

dekade08

terusmajubersamaprabowo

mendingprabowo

Prabowo Semangatku",
338,Faktorutama,"Pariwisata Bangkit, Menparekraf Sandiaga Uno Serahkan Bantuan Kelengkapan Homestay di Balige dan Resmikan Pondok Kreatif Parapat - https://t.co/cnV7BIcwx2",
339,tvOneNews,Menparekraf Sandiaga Uno Sebut Kejuaran F1H2O PowerBoat Buktikan Danau Toba Layak Jadi Lokasi Event Internasional https://t.co/VC4up1piqp,Pulo Gadung
340,now__fall,kaget dikit pas tau sandiaga uno kekayaannya 10 T🤑,"Kramat Jati, Indonesia"
341,jpnncom,Sandiaga Uno Sebut Pebalap F1 Powerboat Akan Tinggal Lebih Lama di Toba #F1Powerboat https://t.co/n3wppCfdoz,Indonesia
342,VIVAcoid,Strategi Relawan Perkuat Jaringan Demi Sandiaga Uno Maju ke Pilpres 2024 https://t.co/7vPCJQxy7N,
343,davidadi,"Twitter please do your magic..

Plat nama bertuliskan 'jovanka' ini hilang di hari terakhir IIMS. Perkiraan hilang di sekitar lokasi test drive hyundai atau di booth hyundai. Mohon bantu RT ya siapa tau ada yg menemukan #iims #platnama #jovanka #typoworks @IIMS_ID @hyundaimotorid https://t.co/gcZFeuhsI3",
344,SalfianPiliang,"Moto GP 
Anies Baswedan
Islam
Liburan
Danau Toba
F1
Presiden
Prabowo 
Sandiaga Uno
David
Lemon 
Agnes https://t.co/1wzhYi4ro5",
345,SalfianPiliang,"Moto GP 
Anies Baswedan
Islam
Liburan
Danau Toba
F1
Presiden
Prabowo 
Sandiaga Uno
David
Lemon 
Agnes https://t.co/Z5f0GnTUT4",
346,SalfianPiliang,"Moto GP 
Anies Baswedan
Islam
Liburan
Danau Toba
F1
Presiden
Prabowo 
Sandiaga Uno
David
Lemon 
Agnes https://t.co/4hqllB8ZCN",
347,nailaassiffa,"Survei PUTIN: Sandiaga Uno, Ridwan Kamil dan AHY Cawapres Favorit di Jambi
#BersamaJuara 
https://t.co/w1CrMkkmnR",
348,detiksumut_,Espas Sandiaga Uno Gelar Latihan Pembuatan Sirup Kalamansi di Bengkulu https://t.co/dy12UCLBk5,
349,ntashamughal,"RT insidefolkative: After the Citayam Fashion Week phenomenon went viral all over social media, Menparekraf, Sandiaga Uno, expressed his s…","Albuquerque, NM"
350,EnditaTata,"Elektabilitas Kang Emil tersebut terpaut jauh dengan kandidat capres alternatif lain dari hasil survei yang sama. Misalkan Wakil Ketua Dewan Pembina Gerindra Sandiaga Uno yang kini menjadi Menparekraf RI, tingkat elektabilitasnya hanya 7,3 persen. #BersamaJuara Ridwan Kamil",Indonesia
351,NewsSimada,Sandiaga Uno Apresiasi Panggung Hiburan Bertajuk ‘Archipelago In The Land Of God-Simalungun https://t.co/3qg7zpRuNt,
352,justinfogarut,"PPP Singgung Sandiaga Uno sebagai Calon Wakil Presiden tapi Tegaskan Ingin Usung Kader Sendiri
https://t.co/VNNh5HKF8H","Garut, Indonesia"
353,ricko_liquid,"Dorong Standar Fasilitas Danau Toba Jadi Kelas Dunia, Sandiaga Uno: Ini Tugas Kita ke Depannya

 #Sindonews #BukanBeritaBiasa .https://t.co/H78nLKTioO","Purworejo, Indonesia"
354,SINDOnews,"Dorong Standar Fasilitas Danau Toba Jadi Kelas Dunia, Sandiaga Uno: Ini Tugas Kita ke Depannya

 #Sindonews #BukanBeritaBiasa .https://t.co/nPnx7iLyGB","Jakarta Pusat, DKI Jakarta"
355,kanalbali,Its Time 2023: The World Tourism Network Summit pre-launched in Bali: #kanalbali #tourism #Bali #WTN #Sandiaga #sandiagauno #Menparekraf #WTN2023 #Balibangkit https://t.co/CpRJmIqRFJ,"Denpasar, Bali "
356,fathw25,"Datang ke HUT Partai Gerindra, Sandiaga Uno Diserbu Emak-Emak hingga Diteriaki Presiden - https://t.co/jQuXM8mkML https://t.co/PrtifFsjIW #IndonesiaKuat #BangkitBersama",
357,UsmanAbdS2,@ChallsOfrivia @RoyRojaya @abu_waras Bahasa ini tanya aja mas Sandiaga Uno.,
358,Disuruh_Iben,Prabowo Subianto:  Pilpres Pilih Anies atau Prabowo Subianto? Begini Jawaban Sandiaga Uno yang Mantap dan Tanpa Ragu - Ayo Jakarta - Ayo Jakarta https://t.co/81lnRf9vlC #IndonesiaKuat #BangkitBersama,Pulau Impian
359,AMP_Stories,Cerita Luhut Binsar dan Sandiaga Uno Menjajal Perahu Motor F1 ... - Video https://t.co/RHfwDXJyID https://t.co/Z2sG71HqRE #Cerita,
360,yudiwijayaa,"@alextham878 2019 dikasih mahar 500 m bagi dua sama PAN utk calonkan sandiaga uno sbg wapres.
Ngehek pks gak mau duik. Butuh uang mrk apalagi suka poligami",
361,tempodotco,Cerita Luhut Binsar dan Sandiaga Uno Menjajal Perahu Motor F1 Powerboat https://t.co/FVfvlizjLn #TempoVideo,Indonesia
362,MerryRiana,"Politik adalah pilihan tersulit bagi Sandiaga Uno?
Simak ceritanya di video berikut ini!
https://t.co/6sBqlwLmzM",Jakarta - Singapore
363,sobat_sandi,"1,4 M pergerakan Wisata Nusantara 🫶

#sandiagauno #sandiuno #kemenaprekraf #ekonomi #kreatif  #Indonesia #Twitter #viral #Trending #zonauang #weekend #holiday #vacation #destination hobi #Healing #journey https://t.co/4C7Kh1p02J",
364,detik_jabar,Mardiono Bicara Kans Sandiaga Uno Gabung PPP https://t.co/ICfGOkD14F,
365,WartaEkonomi,"Dorong Kebangkitan Ekonomi, Sandiaga Uno Gencarkan Promosi Desa Wisata https://t.co/goSkAnWgbl","Jakarta, Indonesia"
366,okezonenews,"Ajang F1 PowerBoat, Sandiaga Uno: Pariwisata Menggeliat dan Ekonomi Bangkit #LengkapCepatBeritanya #Keuangan #Ekonomi #Ekonomi #EkonomiIndonesia . https://t.co/muNUcXC5kj",Jakarta
367,adiarticuno2,"Sandiaga Uno should support him more, not Nash Daily 😂

Check out northsidestory's video! #TikTok https://t.co/AiH6QiDppl",Yogyakarta
368,nzancy,@GonelnJapan pake sandiaga uno?,"illusoire, Mörder, gadabout."
369,Yejiaf,@GonelnJapan sandiaga uno,"失ったㅤ☾𑁍ㅤ𝐈 / 𝐕, “있지”"
370,bimmingyu,@WeLostInJapan sandiaga uno.,"Parody, 1997.⠀AOS."
371,OkeBaliNews,Sandiaga Uno Resmikan Pondok Kreatif Parapat - https://t.co/TeXnjATOrF https://t.co/yDsV4gAXHt,"Bali, Indonesia"
372,adji_ojol,"""Pilpres 2019, pasangan Prabowo Subianto bersama saya, berhasil memenangkan perolehan suara di Sultra. Ini suatu keberhasilan yang harus tetap dipertahankan pada Pemilu 2024,” kata Sandiaga Uno. #PrabowoPemersatu #IkutPakde Prabowo Subianto",
373,Muhamma48288841,"DIBONGKAR Sandiaga Uno, Prabowo Subianto Ternyata Punya Sisi Lain: Lucu, Sangat Mirip Komika
https://t.co/hAYpWP9xK5 https://t.co/OEU6x8zdQw",
374,garis62,"DPD Gerindra Sulawesi Tenggara (Sultra) menggelar rapat koordinasi daerah (rakorda) pada Jumat, 25 Februari 2023. Rakorda dihadiri langsung oleh Ketua Harian DPP Partai Gerindra Dasco bersama Wakil Ketua Dewan Pembina Partai Gerindra Sandiaga Uno.",
375,gadotaja,Dasco dan Sandiaga Uno Hadiri Rakorda Gerindra Sultra #PrabowoPemersatu #IkutPakde Prabowo Subianto https://t.co/6QQxzsAkbp,"DKI Jakarta, Indonesia"
376,zxnm88473822,"DIBONGKAR Sandiaga Uno, Prabowo Subianto Ternyata Punya Sisi Lain: Lucu, Sangat Mirip Komika
https://t.co/2e4xnxZ1bN

#PrabowoPemersatu #IkutPakde https://t.co/TEqklUG4d9",
377,Disuruh_Iben,"""Ditaksir"" Jadi Capres PPP, Sandiaga Uno Mau Minta Arahan Prabowo Subianto dan Jokowi - https://t.co/jdGJZgaaH0 - Nasional https://t.co/jdGJZgaaH0 https://t.co/mp6qD4ZOlu #IndonesiaKuat #BangkitBersama",Pulau Impian
378,Ini_ajunk,"""Ditaksir"" Jadi Capres PPP, Sandiaga Uno Mau Minta Arahan Prabowo Subianto dan Jokowi - https://t.co/tMf4E35WAj - Nasional https://t.co/tMf4E35WAj https://t.co/RnJpEwrDZX #IndonesiaKuat #BangkitBersama",jakarta
379,adaapaaja21,"DIBONGKAR Sandiaga Uno, Prabowo Subianto Ternyata Punya Sisi Lain: Lucu, Sangat Mirip Komika
https://t.co/l98p798FVc

#PrabowoPemersatu #IkutPakde Prabowo Subianto https://t.co/hqjANJbzPc",
380,kuasakatacom,"Ditaksir PPP untuk Pilpres 2024, Sandiaga Uno: Minta Arahan Pak Prabowo Dulu  https://t.co/EAaPNgdSkz",Semarang - Jawa Tengah
381,KompasEkonomi,"Kejar 4,4 Juta Lapangan Kerja, Sandiaga Uno Ajak Pengusaha Muda Buka Loker  https://t.co/SeP2Hm1UIz",Indonesia
382,Lintas_MNCTV,"Dua akun yang diperuntukan untuk pariwisata yaitu Pesona Indonesia dan Wonderful Indonesia resmi diluncurkan Kemenparekraf. FRZ

#LintasiNewsMNCTV #News #MNCTV #SandiagaUno #Kemenparekraf #Ekonomikreatif #PesonaIndonesia #WonderfulIndonesia https://t.co/TGSYx5LgwY",Indonesia
383,txtburuh,@ezash Kalau Om Sandiaga UNO itu....,"J5VQ+X43, HBông, h. Chư Sê, Gi"
384,Economicreview_,"Diselenggarakan 7 Kota Besar, Sandiaga Dukung Festival Sinema Australia https://t.co/LW9cXnsujV #sandiagauno",Jakarta Capital Region
385,pinterpolitik,"Namun, bergabung dengan PPP sekiranya tidak memberikan keuntungan yang besar bagi Sandiaga Uno untuk maju di Pilpres 2024? Lantas, apakah Sandi harus menyerah sebagai kandidat di Pilpres 2024?

https://t.co/ZQxjetULfr","Jakarta, Indonesia"
386,GadisPeswaran,"Mantap.. 
Kenyamanan Resort Pulau Pahawang mendapat pujian dari Sandiaga Uno 

Pesawaran Lampung
#BumiWisataSejutaPesona https://t.co/IiSaRIB4RZ",Indonesia
387,anidian_2,"Pemerintah,melalui Menparekraf,Sandiaga Uno berharap Festival Pahawang di Pesawaran Lampung menjadi momentum kebangkitan ekonomi dan mendorong terciptanya peluang usaha dan lapangan kerja di Kabupaten Pesawaran, Lampung.

#BumiWisataSejutaPesona https://t.co/OODzo8ctG8",
388,AmmarRoz1,"Ini yg dikatakan oleh Menteri Pariwisata dan Ekonomi Kreatif (Menparekraf) Sandiaga Uno: Festival Pahawang menjadi momentum kebangkitan ekonomi dan mendorong terciptanya peluang usaha dan lapangan kerja di Kabupaten Pesawaran Lampung 
 
#BumiWisataSejutaPesona https://t.co/FS8VTEyL96",
389,nindiaaudi,"Kata pak Menteri Pariwisata dan Ekonomi Kreatif (Menparekraf) Sandiaga Uno: Festival Pahawang menjadi momentum kebangkitan ekonomi dan mendorong terciptanya peluang usaha dan lapangan kerja di Kabupaten Pesawaran Lampung 
 
#BumiWisataSejutaPesona https://t.co/XRM5HCUG5r",
390,zilktea,"Pembukaan Pahawang Culture Festival 2022 membuat Menparekraf Sandiaga Uno pun memberi apresiasi festival yang dianggapnya menjadi momentum kebangkitan ekonomi dan mendorong terciptanya peluang usaha dan lapangan kerja di Kabupaten Pesawaran, Lampung. 
 
#BumiWisataSejutaPesona https://t.co/JfdwOtBovL",
391,Faisalinfd,"Bersama sandiaga uno di Pesawaran Lampung 
 #BumiWisataSejutaPesona https://t.co/EpwCFblsQC",
392,Sin_daboo,"Menparenkraf Sandiaga Uno berkata, Festival Pahawang menjadi momentum kebangkitan ekonomi &amp; mendorong terciptanya peluang usaha &amp; lapangan kerja di Kab. Pesawaran, Lampung. Smoga masyarakat sekitar bisa terbantu meningkatkan perekonomian 
Pesawaran Lampung
#BumiWisataSejutaPesona https://t.co/oovHNVqfaM",
393,SafitriInf,"Festival pahawang Pesawaran Lampung bersama mentri pariwisata dan ekonomi kreatif sandiaga uno
#BumiWisataSejutaPesona https://t.co/doZzbOxFg6",
394,nmy0i,"Kenyamanan Resort Pulau Pahawang mendapat pujian dari Sandiaga Uno 

Pesawaran Lampung
#BumiWisataSejutaPesona https://t.co/js3dDC7CDx","Kalideres, Indonesia"
395,pimpmle,"Pembukaan Pahawang Culture Festival 2022 berlangsung meriah. Menteri (Menparekraf) Sandiaga Uno pun memberi apresiasi festival yang dianggapnya menjadi momentum kebangkitan ekonomi.

Pesawaran Lampung 
 
#BumiWisataSejutaPesona https://t.co/vbNzL3OYnd",
396,libfary,"Pesona Pesawaran Lampung seperti Maldives lho guys, dan mendapatkan apresiasi dari pak sandiaga uno.
#BumiWisataSejutaPesona https://t.co/Q6QjZ49tpg",
397,Pritta_Blonde,Menteri Pariwisata dan Ekonomi Kreatif (Menparekraf) Sandiaga Uno memberi apresiasi festival yg dianggapnya menjadi momentum kebangkitan ekonomi dan mendorong terciptanya peluang usaha dan lapangan kerja di #BumiWisataSejutaPesona di Pesawaran Lampung https://t.co/2qW0TnQJPI,
398,Guegemaaa,"Sandiaga Uno apresiasi Festival Pahawang sebagai momentum kehangatan dan mendorong terciptanya usaha

Pesawaran Lampung 
#BumiWisataSejutaPesona https://t.co/F4yRxI52AT",
399,wR72_,"Resort Pulau Pahawang mendapat apresiasi dari Sandiaga Uno 

Pesawaran Lampung
#BumiWisataSejutaPesona https://t.co/dPVPaZZXQ9",INDONESIA
400,Tresnokoe13,"Menteri Pariwisata dan ekonomi kreatif Sandiaga Uno mengatakan bahwa festival pahawang menjadi momentum kebangkitan ekonomi di Kabupaten Pesawaran Lampung 
 
#BumiWisataSejutaPesona https://t.co/TPvi73Bm3N",
401,nununanisa,"Wahhh pak menteri Sandiaga Uno datang ke kabupaten Pesawaran Lampung nih, ada festival pahawang. Kebudayaan yg harus dilestarikan yaa
#BumiWisataSejutaPesona https://t.co/nGYVHmh3qu",Bandung
402,ClaraEilza,"Pembukaan Pahawang Culture Festival 2022 berlangsung meriah. Menteri Pariwisata dan Ekonomi Kreatif (Menparekraf) Sandiaga Uno pun memberi apresiasi festival yang dianggapnya menjadi momentum kebangkitan ekonomi.

Pesawaran Lampung 
#BumiWisataSejutaPesona https://t.co/POmKHs5o5f",
403,qhiyori,"Pembukaan Pahawang Culture Festival 2022 berlangsung meriah. Menteri Pariwisata dan Ekonomi Kreatif Sandiaga Uno memberi apresiasi festival yang dianggapnya menjadi momentum kebangkitan ekonomi di Kabupaten Pesawaran Lampung 
 
#BumiWisataSejutaPesona https://t.co/ysqVOneBph",
404,julput1010,"Ini adalah saat pak Sandiaga Uno mendatangi Festival Pahawang 
Pesawaran Lampung

#BumiWisataSejutaPesona https://t.co/J843KUNiys","Tulungagung, Indonesia"
405,ekaswsw3211,"Menparekraf Sandiaga Uno berharap  Festival Pahawang menjadi momenum kebangkitan ekonomi dan mendorong terciptanya peluang usaha dan lapangan kerja di Kabupaten Pesawaran Lampung
 
#BumiWisataSejutaPesona https://t.co/hTGRshno9h",
406,literawry,"Pembukaan Pahawang Culture Festival 2022 berlangsung meriah. Menparekraf Sandiaga Uno memberi apresiasi festival yang dianggapnya menjadi momentum kebangkitan ekonomi, mendorong terciptanya peluang usaha, lapangan kerja di Kabupaten Pesawaran Lampung. 
 
#BumiWisataSejutaPesona https://t.co/6JPwSH7aTZ",
407,ARizalPahlawi1,@OposisiCerdas Sandiaga uno itu wagub nya dari Gerindra mau diapain seenaknya kabur.,Cimahi
408,IxNdheso,"yang tentu disulut oleh isu-isu agama. Anies menang.

Dalam beberapa kesempatan, Sandiaga Uno, pasangan Anies di Pilkada DKI 2017, mengisyaratkan rasa penyesalannya atas peristiwa politik yang memprihatinkan dalam Pilkada DKI itu. Anies tidak.! Bahkan, ia seperti bangga dan tak","Tanjung Priok, Indonesia"
409,Economicreview_,Aksi Jaringan Sandiaga Uno Bantu Rempah Indonesia dan Buka Lapangan kerja https://t.co/1opPHJj7um #rempahindonesia,Jakarta Capital Region
410,Athos97160890,Semoga Pak Sandiaga Uno di jauhkan dari para Politikus Kotor yg haus kekuasaan.,
411,mnvtrshkp,"Pak SandiagaUno ternyata hartanya skrg 10T, 2019 masih 3T, pantesan biaya kampanye yg anis pinjem 30M dia Ikhlasin ae. Gila bener nih org. Shock gw pas tau utang sandi 289M, tp kas nya 789M 😭😭. Lunas hutang msi ada cash 500M. Bagi 1 M gak berasa ilang keknya 😭😭😭",
412,lantakanemas,"Hasilkan Cuan, Sandiaga Uno Sebut Konten Streaming Peluang Menjanjikan https://t.co/kiWzu6FmfM",Indonesia
413,AdiSuhe94815341,@democrazymedia Jadi inget Sandiaga Uno rela uang nya hilang yang kata nya utang tapi ga di kembalikan 😁😕😁,
414,sepedaantik,antik.. Berita Wisata Danau Toba: Cek Youtube Bapak Sandiaga Uno TV! Membahas Pengembangan Wisata Olahraga di Sumut - Penulis Pro - https://t.co/Dxa8YoxV5J https://t.co/apbb1JDyJR,Yogyakarta
415,Faktorutama,"Promosikan Desa Wisata di ASTINDO Travel Fair 2023, Menparekraf Sandiaga Uno: Mendorong Gerakan Bangga Berwisata di Indonesia - https://t.co/FjhO4N5Lny",
416,PokrolCom,Menteri Sandiaga Uno Imbau Pemuda Jadi Pengusaha untuk Ciptakan Lapangan Kerja #pengusaha #pokrol https://t.co/tghh4jd4Vo,Indonesia
417,sandipribadi_id,@Gerindra @PantauManCity @maskombot @prabowo @HHMansoor Saya dukung Pak Sandiaga Uno,
418,haelamarie,"Sandiaga Uno Lepas Jalan Sehat Partai Gerindra Sultra, Diikuti Ribuan Peserta - https://t.co/6Ky3KJYpwH https://t.co/tta7BxU99m #IndonesiaKuat #BangkitBersama",Indonesia
419,AriP22781992,"@MardaniAliSera @PKSejahtera @salimsegaf @hnurwahid @aniesbaswedan @fahiraidris @FPKSDPRRI @msaid_didu @netty_heryawan @PKS_PSREBO @pksjabar @PKSJaksel Mungkin P Sandiaga Uno bisa kasih utang lagi ,atau P Yusuf Kalla bisa jadi sponsor... Wkwkwkwk kkkk KKK 2024 tenggelamkan PKS, Demokrat",
420,kumparan,Sandiaga Uno ajak pemuda jadi pengusaha agar mampu ciptakan lapangan kerja. #kumparanBISNIS #bisnis #bisnisupdate https://t.co/MxxlcQ7vVr,
421,bakhtanizar,"@VIVAcoid Sandiaga Uno nya tidak mau, jangan ke PD an dah kapok dia biaya in si Manies mulut sampai hutangnya si Manies mulut tidak di bayar",
422,InvestorID,Sandiaga Uno Ajak Generasi Muda Jadi Pengusaha https://t.co/A0Yu6s25sk,"Jakarta, Indonesia"
423,Bayanaka_2020,@satriohendri Sandiaga Uno,
424,warna_nusa,"Punya Harta Rp10,6 Triliun, Ini Sumber Kekayaan Sandiaga Uno, Menteri Terkaya di Kabinet Jokowi? https://t.co/3v3ZrtD1Tk",Jl. Sumatera 118-120 Jember
425,kompascom,Sandiaga Uno berharap pelaku UMKM dari sektor fesyen bisa ikut serta untuk mencapai target membuka peluang usaha dan lapangan kerja yang luas. https://t.co/uagFsq68Ev,Jakarta
426,FandaraRasya,"Untuk elektabilitas Ridwan Kamil sebagai capres berada pada angka 4 persen. Namun di bawahnya ada nama Sandiaga Uno dengan elektabilitas 1,6 persen dan Andika Perkasa 1,6 persen, disus AHY 1,3 persen, dan Tri Rismaharini 1 persen. 
#BersamaJuara",
427,FandaraRasya,"Ridwan Kamil jauh lebih unggul dibandingkan dengan elektabilitas capres alternatif lainnya seperti Sandiaga Uno berada di posisi kedua dengan presentase 7,3 persen.
#BersamaJuara",
428,AdePamungkas11,"Untuk elektabilitas Ridwan Kamil sebagai capres berada pada angka 4 persen. Namun di bawahnya ada nama Sandiaga Uno dengan elektabilitas 1,6 persen dan Andika Perkasa 1,6 persen, disus AHY 1,3 persen, dan Tri Rismaharini 1 persen. 
#BersamaJuara",
429,FandaraRasya,"""Ada tiga sosok capres alternatif dengan elektabilitas paling tinggi. Mereka masing-masing Ridwan Kamil, Sandiaga Uno, dan Agus Harimurti Yudhoyono (AHY),"" kata Peneliti Litbang Kompas Eren Marsyukrilla.
#BersamaJuara 
#ridwankamil",
430,AdePamungkas11,"Ridwan Kamil jauh lebih unggul dibandingkan dengan elektabilitas capres alternatif lainnya seperti Sandiaga Uno berada di posisi kedua dengan presentase 7,3 persen.
#BersamaJuara",
431,FandaraRasya,"""Ada tiga sosok capres alternatif dengan elektabilitas paling tinggi. Mereka masing-masing Ridwan Kamil, Sandiaga Uno, dan Agus Harimurti Yudhoyono (AHY),"" kata Peneliti Litbang Kompas Eren Marsyukrilla.
#BersamaJuara",
432,AdePamungkas11,"""Ada tiga sosok capres alternatif dengan elektabilitas paling tinggi. Mereka masing-masing Ridwan Kamil, Sandiaga Uno, dan Agus Harimurti Yudhoyono (AHY),"" kata Peneliti Litbang Kompas Eren Marsyukrilla.
#BersamaJuara 
#ridwankamil",
433,AdePamungkas11,"""Ada tiga sosok capres alternatif dengan elektabilitas paling tinggi. Mereka masing-masing Ridwan Kamil, Sandiaga Uno, dan Agus Harimurti Yudhoyono (AHY),"" kata Peneliti Litbang Kompas Eren Marsyukrilla.
#BersamaJuara",
434,AdePamungkas11,"Elektabilitas RK (Ridwan Kamil) sebagai capres berada pada angka 4 persen. Dibawahnya ada nama Sandiaga Uno dengan elektabilitas 1,6 persen, Andika Perkasa 1,6 persen, AHY 1,3 persen, dan Tri Rismaharini 1 persen.
#BersamaJuara",
435,FandaraRasya,"Elektabilitas RK (Ridwan Kamil) sebagai capres berada pada angka 4 persen. Dibawahnya ada nama Sandiaga Uno dengan elektabilitas 1,6 persen, Andika Perkasa 1,6 persen, AHY 1,3 persen, dan Tri Rismaharini 1 persen.
#BersamaJuara",
436,AdePamungkas11,"Ridwan Kamil menempati posisi pertama sebagai calon presiden alternatif untuk Pilpres 2024. Selain Gubernur Jawa Barat itu, dua nama juga muncul sebagai capres alternatif, mereka adalah Sandiaga Uno dan Agus Harimurti Yudhoyono. 
#BersamaJuara",
437,FandaraRasya,"Ridwan Kamil menempati posisi pertama sebagai calon presiden alternatif untuk Pilpres 2024. Selain Gubernur Jawa Barat itu, dua nama juga muncul sebagai capres alternatif, mereka adalah Sandiaga Uno dan Agus Harimurti Yudhoyono. 
#BersamaJuara",
438,haelamarie,"Sandiaga Uno Hadiri Rakorda Gerindra Sultra, Akan Berjuang untuk Indonesia yang Lebih Baik - https://t.co/6Ky3KJXRH9 https://t.co/jrXdrzrYeF #IndonesiaKuat #BangkitBersama",Indonesia
439,ChoirulAnwar999,"@satriohendri Cawapres Anies KALAU MASIH MEMUNGKINKAN sebaiknya adalah calon diluar Partai Koalisi, untuk menambah suara. Sandiaga Uno atau Airlangga Hartarto, misalnya.
bisa satu putaran.
Anies-AHY juga menang, mungkin dua putaran.",
440,SpiritRiau_com,Sandiaga Uno Hadiri Rakorda DPD Gerindra Sultra https://t.co/Lp1syAq8Vr,"Provinsi Riau, Indonesia"
441,OfficialiNewsTV,"Sandiaga Uno Gaungkan Tekad Indonesia yang Lebih Baik di Rakerda Gerindra Sultra

https://t.co/ivR9vA18rw",iNews Tower 
442,okezonenews,Sandiaga Uno Hadiri Rakorda DPD Gerindra Sultra #LengkapCepatBeritanya #BeritaTerkini #BeritaDaerah . https://t.co/QfS4WqMPVG,Jakarta
443,MerryRiana,"Banyak yang belum tahu, ini asumsi tersalah yang orang punya tentang Sandiaga Uno. Apa itu? Langsung saja simak ceritanya di episode berikut ini!
https://t.co/4LXEcJwMwY",Jakarta - Singapore
444,infoSumbar,"Menparekraf Sandiaga Uno Dukung Penuh Rendang Payakumbuh Go Internasional via @infosumbar https://t.co/7G0Q1am3xd

#infosumbar #Menparekraf #Rendang #Payakumbuh","Kota Padang, Sumatera Barat"
445,merdekadotcom,"Gandeng Kadin DKI, Sandiaga Uno Buka 4,4 Juta Lapangan Kerja Tahun 2024 https://t.co/TsFKLSD7yG",Indonesia
446,topikterkiniatu,Anies punya utang ke Sandiaga Uno Rp50 miliar https://t.co/IfLN69yXdC,
447,Beritabalicom,"Tren Jual Beli Hotel di Bali, Sandiaga: Investor Tidak Mau Bangun dari Awal

Youtube: https://t.co/rSLbhzg0Oq

Facebook : https://t.co/x2qDlzGea0

Dailymotion : https://t.co/3Ud1xrqkbE

#beritabali #beritabalitv #tren #hotel #hoteldibali #jualbelihotel #sandiagauno","Kuta Utara, Badung, Bali"
448,rakcerid,"Elektabilitas RK tersebut terpaut jauh dengan kandidat capres alternatif, Wakil Ketua Dewan Pembina Gerindra Sandiaga Uno @sandiuno. Dimana mantan Cawapres Prabowo Subianto @prabowo pada Pilpres 2019 itu mengantongi elektabilitas hanya sebesar 7,3 persen.",Cirebon
449,ToriSimply,"Sandiaga Uno menjawab isu keretakan dirinya dengan Ketua Umum Partai Gerindra, Prabowo Subianto.

capres2024

pemilu2024

dekade08

terusmajubersamaprabowo

mendingprabowo

Prabowo Pilihan Kita",
450,GunadiKenneth,"Tepis Isu Keretakan, Sandiaga Uno Sebut Karir Politiknya Menempel di Prabowo.

capres2024

pemilu2024

dekade08

terusmajubersamaprabowo

mendingprabowo

Prabowo Pilihan Kita",
451,mercifulove,"DIBONGKAR Sandiaga Uno, Prabowo Subianto Ternyata Punya Sisi Lain: Lucu, Sangat Mirip Komika
https://t.co/1wrQ28qR5Y
#PrabowoPemersatu #IkutPakde",
452,WardyDjuli,"Pj Bupati Paparkan 25 Objek Wisata di Nagan Raya, Ada Papan Nama Giok untuk Menteri Sandiaga Uno
#NaganRaya
@sandiuno 
@fitriany2022
@kemendagri
@KEMENPORA_RI
https://t.co/iMiNQq8dcI lewat @tribunnews","Nagan Raya, Nangro Aceh Daruss"
453,Edelweis_jesi,SULAWESI TENGGARA – DPD Gerindra Sulawesi Tenggara (Sultra) menggelar rapat koordinasi daerah (rakorda) pada Jumat )25 Februari 2023). Rakorda dihadiri langsung oleh Ketua Harian DPP Partai Gerindra Dasco bersama Wakil Ketua Dewan Pembina Partai Gerindra Sandiaga Uno.,
454,doyounu,@xcoisan san san apa yang sandiaga uno? hayo tebak kalo bener kamu tak kasih banteng https://t.co/ZCXLzmFH5b,TY's mochi.
455,ayusailaa,"@fadttah @txtdrjkt gorengannya enak pas masih panas, lauk wartegnya enakan yg didepan humz sandiaga uno",
456,NanBoSan1,"Elektabilitas RK (Ridwan Kamil) sebagai capres berada pada angka 4 persen. Dibawahnya ada nama Sandiaga Uno dengan elektabilitas 1,6 persen, Andika Perkasa 1,6 persen, AHY 1,3 persen, dan Tri Rismaharini 1 persen.
#BersamaJuara",
457,NanBoSan1,"Ridwan Kamil menempati posisi pertama sebagai calon presiden alternatif untuk Pilpres 2024. Selain Gubernur Jawa Barat itu, dua nama juga muncul sebagai capres alternatif, mereka adalah Sandiaga Uno dan Agus Harimurti Yudhoyono. 
#BersamaJuara",
458,NanBoSan1,"Untuk elektabilitas Ridwan Kamil sebagai capres berada pada angka 4 persen. Namun di bawahnya ada nama Sandiaga Uno dengan elektabilitas 1,6 persen dan Andika Perkasa 1,6 persen, disus AHY 1,3 persen, dan Tri Rismaharini 1 persen. 
#BersamaJuara",
459,NanBoSan1,"Ridwan Kamil jauh lebih unggul dibandingkan dengan elektabilitas capres alternatif lainnya seperti Sandiaga Uno berada di posisi kedua dengan presentase 7,3 persen.
#BersamaJuara",
460,NanBoSan1,"""Ada tiga sosok capres alternatif dengan elektabilitas paling tinggi. Mereka masing-masing Ridwan Kamil, Sandiaga Uno, dan Agus Harimurti Yudhoyono (AHY),"" kata Peneliti Litbang Kompas Eren Marsyukrilla.
#BersamaJuara 
#ridwankamil",
461,NanBoSan1,"""Ada tiga sosok capres alternatif dengan elektabilitas paling tinggi. Mereka masing-masing Ridwan Kamil, Sandiaga Uno, dan Agus Harimurti Yudhoyono (AHY),"" kata Peneliti Litbang Kompas Eren Marsyukrilla.
#BersamaJuara",
462,warta_sulsel,"SULTRA.WARTASULSEL.ID-DPD Gerindra Sulawesi Tenggara (Sultra) menggelar rapat koordinasi daerah (rakorda) pada Jumat, 25 Februari 2023. Rakorda dihadiri langsung oleh Ketua Harian DPP Partai Gerindra Dasco bersama Wakil Ketua Dewan Pembina Partai Gerindra Sandiaga Uno.",
463,Yoga_dn11,"@tanyakanrl Pernah dibilang suara gw mirip David gadgetin anjir wkwk, tapi muka ada yg bilang mirip Sandiaga uno😭😭",
464,nusabalicom,"Hadapi Praktik 'Jual Beli Kepala', Menparekraf Rekomendasikan Cabut Izin https://t.co/N1MI7dWlMP #berita #nusabali #Menparekraf #SandiagaUno","Denpasar, Bali"
465,SeputariNews,"Hadiri Rakerda Gerindra Sultra, Sandiaga Uno Tegaskan Ingin Berjuang Bersama
https://t.co/LDnTVxRFqb",MNC News Center Lt.11 Jakarta
466,kendarinesia,Sandiaga Uno Hadiri Rakorda Partai Gerindra di Kendari https://t.co/f7KtgduNjn,"Jalan Mekar Jaya 1, Kendari"
467,rytsarkiy_pika,"@IkramanKatibin @Hasbil_Lbs Bukan Sandiaga Uno ya.
Silakan cari di google nama2 pejabat setingkat Dirjen di Kemenkeu.","Kebayoran Baru, Indonesia"
468,jpnncom,"Ciptakan 4,4 Juta Lapangan Kerja Pada 2024, Sandiaga Uno Gandeng Kadin DKI Jakarta #SandiagaUno https://t.co/3LkPHh92rF",Indonesia
469,haelamarie,"Hadiri Rakerda Gerindra Sultra, Sandiaga Uno Tegaskan Ingin Berjuang Bersama - https://t.co/FbnyvumLrZ https://t.co/egpymQgbUJ #IndonesiaKuat #BangkitBersama",Indonesia
470,jokosantoso_id,"Stlh menerima laporan dr Menpar Sandiaga Uno bhw sblm hari 'H' event tsb t'selenggara, smua hotel² &amp; penginapan tiket'y ludes diborong para pengunjung sblm nya.

T'bengong oleh laporan Menpar, opung LBP pun srt-merta m'himbau org² kaya di Medan utk segera invest &amp; bangun hotel.",Palembang
471,ApanMuru,"ini pandangan sandiaga uno untuk prabowo...
#prabowopersatuanindonesia #prabowo  #SanDiego #Newsnight #beritaterkini #Indonesia https://t.co/J40cY9PeyU",Jakarta
472,BerdaulatId,Ketua KPU Jaksel Monitoring Coklit di Kediaman Sandiaga Uno https://t.co/zFW6zoWDZz,
473,jawapos,Dasco dan Sandiaga Uno Hadiri Rakorda Gerindra Sultra https://t.co/VLWTStm9vr,Jakarta
474,sketsindonews,Ketua KPU Jakarta Selatan monitoring Coklit di Kediaman Sandiaga Uno https://t.co/yId6Iu5qzS,Jakarta
475,okezonenews,"Hadiri Rakerda Gerindra Sultra, Sandiaga Uno Tegaskan Ingin Berjuang Bersama #LengkapCepatBeritanya #BeritaTerkini #BeritaDaerah . https://t.co/HhSEc0IAeo",Jakarta
476,kumparan,"Menparekraf Sandiaga Uno bersama Kamar Dagang dan Industri (KADIN) DKI Jakarta menargetkan terciptanya 4,4 juta lapangan kerja di 2024. https://t.co/WejJbWY9Xg",
477,zonajakarta1,"Ramai Isu 'Jual Beli Kepala' Turis China, Sandiaga Uno Ancam ini Kepada Oknum Travel! https://t.co/RRMBEDSCMA",Jakarta Capital Region
478,kompascom,Sandiaga Uno berharap pelaku UMKM dapat mengembangkan usahanya semakin luas ke pasar internasional. https://t.co/LhZj5Q6N94,Jakarta
479,NurlinaPermata,"Sandiaga Uno menjawab isu keretakan dirinya dengan Ketua Umum Partai Gerindra, Prabowo Subianto.

@prabowo

#capres2024

#pemilu2024

#dekade08

#terusmajubersamaprabowo

#mendingprabowo

Prabowo Pilihan Kita",
480,charul_umam,"Tepis Isu Keretakan, Sandiaga Uno Sebut Karir Politiknya Menempel di Prabowo.

@prabowo

#capres2024

#pemilu2024

#dekade08

#terusmajubersamaprabowo

#mendingprabowo

Prabowo Pilihan Kita",
481,bawaslu_jaksel,"Pengawasan Coklit Pantarlih Pemuktahiran daftar pemilih di kediaman Menteri Pariwisata dan Ekonomi Kreatif Sandiaga Uno, yang dilakukan Abdul salam Anggota Bawaslu Jakarta Selatan bersama Agus Sudono Ketua KPU Jakarta Selatan yang didampingi Panwascam dan PKD.
#bawaslumengawasi https://t.co/UI5Mlfbc5e",Jl Wr Buncit Raya 11 Jak-Sel
482,twettyayu,"Elektabilitas RK (Ridwan Kamil) sebagai capres berada pada angka 4 persen. Dibawahnya ada nama Sandiaga Uno dengan elektabilitas 1,6 persen, Andika Perkasa 1,6 persen, AHY 1,3 persen, dan Tri Rismaharini 1 persen.
#BersamaJuara",
483,twettyayu,"Ridwan Kamil menempati posisi pertama sebagai calon presiden alternatif untuk Pilpres 2024. Selain Gubernur Jawa Barat itu, dua nama juga muncul sebagai capres alternatif, mereka adalah Sandiaga Uno dan Agus Harimurti Yudhoyono. 
#BersamaJuara",
484,twettyayu,"Untuk elektabilitas Ridwan Kamil sebagai capres berada pada angka 4 persen. Namun di bawahnya ada nama Sandiaga Uno dengan elektabilitas 1,6 persen dan Andika Perkasa 1,6 persen, disus AHY 1,3 persen, dan Tri Rismaharini 1 persen. 
#BersamaJuara",
485,twettyayu,"Ridwan Kamil jauh lebih unggul dibandingkan dengan elektabilitas capres alternatif lainnya seperti Sandiaga Uno berada di posisi kedua dengan presentase 7,3 persen.
#BersamaJuara",
486,twettyayu,"""Ada tiga sosok capres alternatif dengan elektabilitas paling tinggi. Mereka masing-masing Ridwan Kamil, Sandiaga Uno, dan Agus Harimurti Yudhoyono (AHY),"" kata Peneliti Litbang Kompas Eren Marsyukrilla.
#BersamaJuara 
#ridwankamil",
487,twettyayu,"""Ada tiga sosok capres alternatif dengan elektabilitas paling tinggi. Mereka masing-masing Ridwan Kamil, Sandiaga Uno, dan Agus Harimurti Yudhoyono (AHY),"" kata Peneliti Litbang Kompas Eren Marsyukrilla.
#BersamaJuara",
488,gusbayu,"Praktik Jual Beli Kepala Bikin Pariwisata Bali Merugi, Sandiaga Uno Merespons Tegas: Cabut! https://t.co/E9MhOAjnuG",dipermukaan bumi
489,regulusmoatman,"Sekarang permasalahan pejabat mangkir pajak viral kapan pejabat yang terduga menghindari pajak dari bocornya Panama Papers seperti Sandiaga Uno, Erick Thohir, dan Jhonny G Plates bakal diinvestigasi? @korantempo @NarasiNewsroom @DitjenPajakRI",
490,AmperaRampes,"@AkuAtikaFaya @PKSejahtera Kenapa gak muka lo aja templokkin k... o l kudanya  agar jalan cepat.
Dasar otak Dengkul hati iblis.
50 M mah kecil. Asal sandiaga Uno bisa klarifikasi dgn jujur isi  dan data surat pernyataannya
Di depan Anis Di TV One di jutaan mata secara langsung. 
 Siap jual Ptng Onta 3 T. https://t.co/MXOgwjTfbm",
491,Teropong62,"Sandiaga Uno, Erick Thohir, atau Ridwan Kamil kira-kira siapa yang cocok yah ?

GP Ansor Anissa Aziza Bapaknya
Agnes Umur 15 SEHUN NISEU COTY Narnia Rubicon Kuda Morningg 
#Ganjar 
#ganjarpranowo 
#ganjarbertanggungjawab 
#SiEnengGoPublic 
#RespectGiselle 
#JENOatMFW
#ข่าวลือ https://t.co/V1MwAIGi0R",
492,H3Anisa_,"Sebagai capres alternatif, elektabilitas RK berada di angka 22,7 persen, lebih unggul daripada Sandiaga Uno di posisi kedua dengan elektabilitas 7,3 persen dan Agus Harimurti Yudhoyono (AHY) di posisi ketiga dengan elektabilitas 5,8 persen. #BersamaJuara #RKGolkar",
493,sobat_sandi,"Belajar bikin konten sambil seru-seruan bareng Mas Menteri @sandiuno dan @nasdaily 👏

#sandiagauno  #Indonesia #Twitter #viral #Trending #zonauang   terbukti kerjanya mengabdi tanpa lelah valid no debat sabtu #SaturdayMorning #Russia Russia #Palestine #Turkey #ContentCreator https://t.co/rltmYv9Tgs",
494,fathw25,"Sandiaga Uno Menyatakan Siap Nyapres, Politikus Gerindra Tegaskan Prabowo Harga Mati - https://t.co/5LpIx3NXOt - Nasional https://t.co/5LpIx3NXOt https://t.co/Gp0PSHvl1A #IndonesiaKuat #BangkitBersama",
495,ricko_liquid,"Gandeng Kadin DKI Jakarta, Sandiaga Uno Bakal Ciptakan 4,4 Juta Lapangan Kerja

 #Sindonews #BukanBeritaBiasa .https://t.co/NBruk5Pmpo","Purworejo, Indonesia"
496,SINDOnews,"Gandeng Kadin DKI Jakarta, Sandiaga Uno Bakal Ciptakan 4,4 Juta Lapangan Kerja

 #Sindonews #BukanBeritaBiasa .https://t.co/MqmSC42XAg","Jakarta Pusat, DKI Jakarta"
497,ricko_liquid,"Berkunjung ke Kendari, Sandiaga Uno Ingin Lapangan Kerja Lebih Terbuka

 #Sindonews #BukanBeritaBiasa .https://t.co/Ps9rH9LAHm","Purworejo, Indonesia"
498,SINDOnews,"Berkunjung ke Kendari, Sandiaga Uno Ingin Lapangan Kerja Lebih Terbuka

 #Sindonews #BukanBeritaBiasa .https://t.co/xcw1meYNP7","Jakarta Pusat, DKI Jakarta"
499,salsabil_mah,"Cerita Sandiaga Uno Hatinya Dibikin Tersentuh Prabowo: Tak Akan Saya Lupakan.

capres2024

pemilu2024

dekade08

terusmajubersamaprabowo

mendingprabowo

Prabowo Pilihan Kita",
500,andy_sani,"Cerita Sandiaga Uno Hatinya Dibikin Tersentuh Prabowo: Tak Akan Saya Lupakan.

capres2024

pemilu2024

dekade08

terusmajubersamaprabowo

mendingprabowo

Prabowo Pilihan Kita",
501,DetrianaSherly,"Sandiaga Uno menjawab isu keretakan dirinya dengan Ketua Umum Partai Gerindra, Prabowo Subianto.

capres2024

pemilu2024

dekade08

terusmajubersamaprabowo

mendingprabowo

Prabowo Pilihan Kita",
